timestamp,average_availability
2024-07-01 00:59:27+08:00,0.4446880474688176
2024-07-01 01:59:27+08:00,0.43941332208294026
2024-07-01 02:59:26+08:00,0.4377226158146167
2024-07-01 03:59:26+08:00,0.43401917404884655
2024-07-01 04:59:27+08:00,0.4356210452165459
2024-07-01 05:59:27+08:00,0.4412209935472443
2024-07-01 06:59:26+08:00,0.4718338762508386
2024-07-01 07:59:26+08:00,0.5310255473852508
2024-07-01 08:59:27+08:00,0.5813004219281737
2024-07-01 09:59:27+08:00,0.5908985202400944
2024-07-01 10:59:26+08:00,0.5935245452182539
2024-07-01 11:59:27+08:00,0.5843234197265399
2024-07-01 12:59:27+08:00,0.575493479194692
2024-07-01 13:59:27+08:00,0.5928145033679669
2024-07-01 14:59:27+08:00,0.5945949895335291
2024-07-01 15:59:27+08:00,0.5916230088161839
2024-07-01 16:59:27+08:00,0.5872040865028244
2024-07-01 17:59:26+08:00,0.568119611974371
2024-07-01 18:59:27+08:00,0.5211840375969424
2024-07-01 19:59:26+08:00,0.47993154574125435
2024-07-01 20:59:27+08:00,0.4632925876885544
2024-07-01 21:59:27+08:00,0.45964719445387126
2024-07-01 22:59:27+08:00,0.4476400920942427
2024-07-02 00:59:27+08:00,0.4347059994814972
2024-07-02 01:59:26+08:00,0.42995383331426656
2024-07-02 02:59:26+08:00,0.42853420039104984
2024-07-02 03:59:26+08:00,0.4275937478665086
2024-07-02 04:59:26+08:00,0.4266348427982917
2024-07-02 05:59:27+08:00,0.4350807751260563
2024-07-02 06:59:27+08:00,0.484354170055054
2024-07-02 07:59:27+08:00,0.538317529114217
2024-07-02 08:59:27+08:00,0.5890685086380967
2024-07-02 09:59:26+08:00,0.599710880804056
2024-07-02 10:59:27+08:00,0.5976554446250667
2024-07-02 11:59:26+08:00,0.5880039898790359
2024-07-02 12:59:26+08:00,0.5809645157436024
2024-07-02 13:59:26+08:00,0.6018342465727419
2024-07-02 14:59:27+08:00,0.6004350008777813
2024-07-02 15:59:27+08:00,0.6007747805195743
2024-07-02 16:59:27+08:00,0.5927612320995483
2024-07-02 17:59:26+08:00,0.5668880119216351
2024-07-02 18:59:26+08:00,0.5164178717379159
2024-07-02 19:59:26+08:00,0.4804289060669791
2024-07-02 20:59:27+08:00,0.46346998384646676
2024-07-02 21:59:27+08:00,0.46023790385537816
2024-07-02 22:59:27+08:00,0.4480380307185337
2024-07-03 00:59:26+08:00,0.43309662245968095
2024-07-03 01:59:26+08:00,0.428796487853411
2024-07-03 02:59:26+08:00,0.42628425678351317
2024-07-03 03:59:27+08:00,0.4273544856965098
2024-07-03 04:59:27+08:00,0.4271113659486911
2024-07-03 05:59:27+08:00,0.4339049159159001
2024-07-03 06:59:27+08:00,0.48332032288769244
2024-07-03 07:59:27+08:00,0.5358626830734766
2024-07-03 08:59:27+08:00,0.5867856566398622
2024-07-03 09:59:27+08:00,0.5977049058810374
2024-07-03 10:59:27+08:00,0.5967139744900873
2024-07-03 11:59:26+08:00,0.5887097231619866
2024-07-03 12:59:26+08:00,0.5829939382600244
2024-07-03 13:59:27+08:00,0.6038562950120352
2024-07-03 14:59:26+08:00,0.6018273204389832
2024-07-03 15:59:27+08:00,0.6015234577140387
2024-07-03 16:59:27+08:00,0.5906651545211574
2024-07-03 17:59:27+08:00,0.5645740174460309
2024-07-03 18:59:27+08:00,0.5157929297613942
2024-07-03 19:59:27+08:00,0.48238935347843614
2024-07-03 20:59:26+08:00,0.4656749102131515
2024-07-03 21:59:27+08:00,0.46389141345900403
2024-07-03 22:59:27+08:00,0.4511588502200025
2024-07-04 00:59:26+08:00,0.43582712434320875
2024-07-04 01:59:27+08:00,0.4316082851820989
2024-07-04 02:59:26+08:00,0.43081294737020687
2024-07-04 03:59:26+08:00,0.4288752009155714
2024-07-04 04:59:27+08:00,0.4292410506076758
2024-07-04 05:59:26+08:00,0.43316331726653606
2024-07-04 06:59:26+08:00,0.48145996276879127
2024-07-04 07:59:26+08:00,0.5337244309890813
2024-07-04 08:59:27+08:00,0.5841140727055468
2024-07-04 09:59:26+08:00,0.5969383498924209
2024-07-04 10:59:27+08:00,0.5958561405420333
2024-07-04 11:59:26+08:00,0.5885248861166973
2024-07-04 12:59:27+08:00,0.5803552797000986
2024-07-04 13:59:26+08:00,0.6002789305781416
2024-07-04 14:59:27+08:00,0.5994664282680848
2024-07-04 15:59:27+08:00,0.5973109827382889
2024-07-04 16:59:27+08:00,0.5908678124306841
2024-07-04 17:59:27+08:00,0.5691174338519878
2024-07-04 18:59:27+08:00,0.5225134221077782
2024-07-04 19:59:27+08:00,0.4857889123778209
2024-07-04 20:59:26+08:00,0.46893024850666076
2024-07-04 21:59:27+08:00,0.46856436573027616
2024-07-04 22:59:27+08:00,0.4539648547403677
2024-07-05 00:59:26+08:00,0.43870457205024393
2024-07-05 01:59:27+08:00,0.4348652115543932
2024-07-05 02:59:27+08:00,0.4322552771239557
2024-07-05 03:59:27+08:00,0.42816317706736695
2024-07-05 04:59:27+08:00,0.42836775523969584
2024-07-05 05:59:26+08:00,0.4337553122831666
2024-07-05 06:59:27+08:00,0.48083071285483564
2024-07-05 07:59:26+08:00,0.5250521030301235
2024-07-05 08:59:27+08:00,0.5719260805365743
2024-07-05 09:59:27+08:00,0.5879666311271272
2024-07-05 10:59:27+08:00,0.5895077149368253
2024-07-05 11:59:27+08:00,0.5820830968918795
2024-07-05 12:59:28+08:00,0.5770525910283721
2024-07-05 13:59:26+08:00,0.591822571647224
2024-07-05 14:59:27+08:00,0.5935220416445645
2024-07-05 15:59:27+08:00,0.5919934689560128
2024-07-05 16:59:27+08:00,0.5868398986191525
2024-07-05 17:59:27+08:00,0.5690226810770392
2024-07-05 19:59:27+08:00,0.5021368729727775
2024-07-05 20:59:27+08:00,0.48819300818688083
2024-07-05 21:59:26+08:00,0.4837369495896287
2024-07-05 22:59:27+08:00,0.46875342166317996
2024-07-06 00:59:26+08:00,0.45250733272736987
2024-07-06 01:59:26+08:00,0.44647276389746854
2024-07-06 02:59:27+08:00,0.4424723627983756
2024-07-06 03:59:26+08:00,0.4356869774428751
2024-07-06 04:59:26+08:00,0.43439178311493265
2024-07-06 05:59:26+08:00,0.4340335492387235
2024-07-06 07:59:26+08:00,0.46151224261943713
2024-07-06 08:59:27+08:00,0.48379351108372104
2024-07-06 09:59:27+08:00,0.49830448062490856
2024-07-06 10:59:27+08:00,0.5141514540221203
2024-07-06 11:59:27+08:00,0.5199860221130577
2024-07-06 12:59:27+08:00,0.5197996227433835
2024-07-06 13:59:27+08:00,0.518382237993969
2024-07-06 14:59:26+08:00,0.519647210146668
2024-07-06 15:59:27+08:00,0.5187001180628867
2024-07-06 16:59:26+08:00,0.5168973166161296
2024-07-06 17:59:26+08:00,0.517082781335695
2024-07-06 18:59:27+08:00,0.5136673104512024
2024-07-06 19:59:26+08:00,0.503217856587144
2024-07-06 20:59:27+08:00,0.49531614172458466
2024-07-06 21:59:27+08:00,0.4912417790251763
2024-07-06 22:59:26+08:00,0.47511132036798026
2024-07-07 00:59:27+08:00,0.4525470030301316
2024-07-07 01:59:26+08:00,0.44611966671603454
2024-07-07 02:59:27+08:00,0.44221373893120247
2024-07-07 03:59:26+08:00,0.43991789003366716
2024-07-07 04:59:27+08:00,0.4364914299408548
2024-07-07 05:59:26+08:00,0.43209685459222286
2024-07-07 06:59:27+08:00,0.4351883965167312
2024-07-07 07:59:27+08:00,0.43822935132948443
2024-07-07 08:59:27+08:00,0.44245075889877566
2024-07-07 09:59:27+08:00,0.4530239161525662
2024-07-07 10:59:26+08:00,0.46892763256469644
2024-07-07 11:59:27+08:00,0.4748105893801779
2024-07-07 12:59:26+08:00,0.480874572271756
2024-07-07 13:59:26+08:00,0.48404011445993544
2024-07-07 14:59:27+08:00,0.48517319894238436
2024-07-07 15:59:27+08:00,0.4872035584283109
2024-07-07 16:59:27+08:00,0.4839717861293165
2024-07-07 17:59:26+08:00,0.48141382702526897
2024-07-07 18:59:27+08:00,0.47338287618097674
2024-07-07 19:59:26+08:00,0.4683065681244293
2024-07-07 20:59:28+08:00,0.465621801089179
2024-07-07 21:59:27+08:00,0.4623679144668073
2024-07-07 22:59:27+08:00,0.45440281395844834
2024-07-08 00:59:26+08:00,0.43964763886443653
2024-07-08 01:59:27+08:00,0.4352623474560669
2024-07-08 02:59:27+08:00,0.4331130202537134
2024-07-08 03:59:27+08:00,0.4301001788690498
2024-07-08 04:59:27+08:00,0.4316639118204926
2024-07-08 05:59:26+08:00,0.4389376912055188
2024-07-08 06:59:26+08:00,0.48969782352702973
2024-07-08 07:59:27+08:00,0.5412124963972328
2024-07-08 08:59:27+08:00,0.5905963311582155
2024-07-08 09:59:28+08:00,0.5996023935191508
2024-07-08 10:59:26+08:00,0.5990684725047771
2024-07-08 11:59:26+08:00,0.5904597134815416
2024-07-08 12:59:26+08:00,0.5827703315125802
2024-07-08 13:59:27+08:00,0.6023219494580508
2024-07-08 14:59:27+08:00,0.6030015409410776
2024-07-08 15:59:26+08:00,0.6017340777588109
2024-07-08 16:59:27+08:00,0.5922892980627412
2024-07-08 17:59:26+08:00,0.5658466948098335
2024-07-08 18:59:27+08:00,0.5136961236657299
2024-07-08 19:59:26+08:00,0.4783740963566661
2024-07-08 20:59:27+08:00,0.46340369903749706
2024-07-08 21:59:27+08:00,0.4605574423854146
2024-07-08 22:59:27+08:00,0.4503272753327254
2024-07-09 00:59:27+08:00,0.4380126260069306
2024-07-09 01:59:27+08:00,0.43461102278546304
2024-07-09 02:59:26+08:00,0.4330022070742951
2024-07-09 03:59:27+08:00,0.4298936499917436
2024-07-09 04:59:27+08:00,0.42910925182922993
2024-07-09 05:59:26+08:00,0.4357264158660966
2024-07-09 06:59:26+08:00,0.48696318115613935
2024-07-09 07:59:27+08:00,0.5401910984580647
2024-07-09 08:59:27+08:00,0.589601423624463
2024-07-09 09:59:26+08:00,0.603053561930824
2024-07-09 10:59:27+08:00,0.6023498678475152
2024-07-09 11:59:27+08:00,0.592280976312792
2024-07-09 12:59:27+08:00,0.5869816098534061
2024-07-09 13:59:27+08:00,0.6067836491878644
2024-07-09 14:59:27+08:00,0.606527574322122
2024-07-09 15:59:27+08:00,0.6040304663820144
2024-07-09 16:59:27+08:00,0.5941293115539434
2024-07-09 17:59:27+08:00,0.5691024980871231
2024-07-09 19:59:27+08:00,0.48255068364933434
2024-07-09 20:59:26+08:00,0.4675148125182266
2024-07-09 21:59:27+08:00,0.4621379684140698
2024-07-09 22:59:27+08:00,0.44834219519134244
2024-07-10 00:59:27+08:00,0.4357022050554444
2024-07-10 01:59:27+08:00,0.43233762064323844
2024-07-10 02:59:27+08:00,0.4307557404690372
2024-07-10 03:59:26+08:00,0.43070592438268923
2024-07-10 04:59:27+08:00,0.4293556937674437
2024-07-10 05:59:27+08:00,0.4346136596822509
2024-07-10 06:59:27+08:00,0.4834116679589966
2024-07-10 07:59:26+08:00,0.5364612727489793
2024-07-10 08:59:27+08:00,0.587467739419405
2024-07-10 09:59:27+08:00,0.5981335727929674
2024-07-10 10:59:27+08:00,0.5985210267179462
2024-07-10 11:59:27+08:00,0.5908159743687613
2024-07-10 12:59:27+08:00,0.5828051167107328
2024-07-10 13:59:27+08:00,0.6052104328307911
2024-07-10 14:59:27+08:00,0.6042598084231617
2024-07-10 15:59:26+08:00,0.5979968622739327
2024-07-10 16:59:27+08:00,0.5902648428516241
2024-07-10 17:59:27+08:00,0.5667382733555427
2024-07-10 18:59:27+08:00,0.519638202764285
2024-07-10 19:59:27+08:00,0.4814948448267109
2024-07-10 20:59:27+08:00,0.46694800869048325
2024-07-10 21:59:26+08:00,0.4619572342476918
2024-07-10 22:59:27+08:00,0.44916250913383093
2024-07-11 00:59:27+08:00,0.4346777374294425
2024-07-11 01:59:26+08:00,0.43026744314562493
2024-07-11 02:59:27+08:00,0.42829205391143
2024-07-11 03:59:26+08:00,0.4262591512643572
2024-07-11 04:59:26+08:00,0.4277147300471746
2024-07-11 05:59:27+08:00,0.43287995053684836
2024-07-11 06:59:27+08:00,0.48116812412095616
2024-07-11 07:59:27+08:00,0.5347399252471774
2024-07-11 08:59:27+08:00,0.5842716444582742
2024-07-11 09:59:27+08:00,0.5945335282656098
2024-07-11 10:59:27+08:00,0.5945876711676917
2024-07-11 11:59:26+08:00,0.5867330545215067
2024-07-11 12:59:27+08:00,0.5807788714227926
2024-07-11 13:59:26+08:00,0.5999243441990283
2024-07-11 14:59:28+08:00,0.5992267819012327
2024-07-11 15:59:27+08:00,0.5993562015558178
2024-07-11 16:59:27+08:00,0.5908101332555719
2024-07-11 17:59:27+08:00,0.5681101059746657
2024-07-11 18:59:27+08:00,0.519657494197986
2024-07-11 19:59:26+08:00,0.48516394525211765
2024-07-11 20:59:27+08:00,0.4702992888434228
2024-07-11 21:59:27+08:00,0.46608485595112753
2024-07-11 22:59:27+08:00,0.45395852593707814
2024-07-12 00:59:27+08:00,0.43817462612248104
2024-07-12 01:59:26+08:00,0.4318093642787689
2024-07-12 02:59:27+08:00,0.4311852261117532
2024-07-12 03:59:27+08:00,0.42788839644408794
2024-07-12 04:59:27+08:00,0.42801804305632424
2024-07-12 05:59:26+08:00,0.4325892278135044
2024-07-12 06:59:27+08:00,0.4811727169660761
2024-07-12 07:59:27+08:00,0.5221597642255239
2024-07-12 08:59:26+08:00,0.5587080437423794
2024-07-12 09:59:26+08:00,0.5802180865347609
2024-07-12 10:59:27+08:00,0.5848780734825552
2024-07-12 11:58:27+08:00,0.580846183321525
2024-07-12 12:58:27+08:00,0.5725494185583748
2024-07-12 13:58:27+08:00,0.5918252321678855
2024-07-12 14:58:26+08:00,0.5913565610598499
2024-07-12 15:59:27+08:00,0.5922311556047599
2024-07-12 16:59:26+08:00,0.585452411574873
2024-07-12 17:58:26+08:00,0.5688321507391255
2024-07-12 18:59:27+08:00,0.5354682030103646
2024-07-12 19:59:27+08:00,0.5023756397887347
2024-07-12 20:59:26+08:00,0.48521595646038784
2024-07-12 21:59:27+08:00,0.48188985013247965
2024-07-12 22:59:26+08:00,0.46772010796375874
2024-07-13 00:58:27+08:00,0.44995257584044185
2024-07-13 01:59:27+08:00,0.44380752401914403
2024-07-13 02:59:26+08:00,0.4404549930580364
2024-07-13 03:59:26+08:00,0.4374525441526227
2024-07-13 04:59:27+08:00,0.4333281551040867
2024-07-13 05:59:26+08:00,0.4339372658697811
2024-07-13 06:58:26+08:00,0.4438161640575399
2024-07-13 07:59:26+08:00,0.46343618425389754
2024-07-13 08:58:26+08:00,0.48389128960092054
2024-07-13 09:59:26+08:00,0.49727024039079243
2024-07-13 10:59:27+08:00,0.5136303964018363
2024-07-13 11:59:27+08:00,0.515498172730043
2024-07-13 12:58:26+08:00,0.5143400647287614
2024-07-13 13:59:27+08:00,0.5158776102751861
2024-07-13 14:59:26+08:00,0.514395356253062
2024-07-13 15:59:26+08:00,0.5159052951282669
2024-07-13 16:59:27+08:00,0.5119023062172557
2024-07-13 17:59:27+08:00,0.5143266328586141
2024-07-13 18:59:27+08:00,0.5102270158840639
2024-07-13 19:58:26+08:00,0.4999949193151753
2024-07-13 20:57:27+08:00,0.4930690298778704
2024-07-13 21:59:26+08:00,0.48588185333164813
2024-07-13 22:59:27+08:00,0.4712596475916389
2024-07-14 00:59:27+08:00,0.4508295076145382
2024-07-14 01:59:26+08:00,0.4441739276781385
2024-07-14 02:58:26+08:00,0.43987790132279175
2024-07-14 03:59:26+08:00,0.4368749976462487
2024-07-14 04:59:26+08:00,0.4338154479667834
2024-07-14 05:58:27+08:00,0.4324820558111314
2024-07-14 06:59:27+08:00,0.4339860922132995
2024-07-14 07:58:26+08:00,0.43820592232656674
2024-07-14 08:59:27+08:00,0.4430350896023844
2024-07-14 09:58:26+08:00,0.45672177207035725
2024-07-14 10:59:27+08:00,0.4688529928393135
2024-07-14 11:59:27+08:00,0.47581178881371683
2024-07-14 12:58:27+08:00,0.47992827601800286
2024-07-14 13:59:28+08:00,0.4830202062921496
2024-07-14 14:59:27+08:00,0.481253300126067
2024-07-14 15:59:27+08:00,0.48265735184770964
2024-07-14 16:59:26+08:00,0.48246202617633355
2024-07-14 17:59:27+08:00,0.4839188975655597
2024-07-14 18:59:27+08:00,0.47553051640923505
2024-07-14 19:59:27+08:00,0.47191762169743934
2024-07-14 20:59:27+08:00,0.4674262658607679
2024-07-14 21:59:26+08:00,0.4632808213414049
2024-07-14 22:59:27+08:00,0.4562927570070795
2024-07-15 00:59:26+08:00,0.4410419290586425
2024-07-15 01:59:27+08:00,0.4373951732064832
2024-07-15 02:59:27+08:00,0.4359069658036171
2024-07-15 03:59:27+08:00,0.4350523262468507
2024-07-15 04:59:27+08:00,0.4359216038124601
2024-07-15 05:59:26+08:00,0.44349743575658
2024-07-15 06:59:27+08:00,0.4911621193307189
2024-07-15 07:59:27+08:00,0.5425294229086173
2024-07-15 08:59:27+08:00,0.5913764666832879
2024-07-15 09:59:26+08:00,0.6011673702452114
2024-07-15 10:59:26+08:00,0.6022237373673834
2024-07-15 11:59:27+08:00,0.5926765019154184
2024-07-15 12:59:27+08:00,0.5848330339328495
2024-07-15 13:58:27+08:00,0.6037428467294709
2024-07-15 14:57:27+08:00,0.6035329070513412
2024-07-15 15:59:26+08:00,0.6026611506919843
2024-07-15 16:59:27+08:00,0.5932333250417131
2024-07-15 17:59:26+08:00,0.5672334315182778
2024-07-15 18:59:26+08:00,0.5126415371265615
2024-07-15 19:59:26+08:00,0.47934241052298554
2024-07-15 20:59:27+08:00,0.46578639280674283
2024-07-15 21:59:26+08:00,0.4638345159905306
2024-07-15 22:59:27+08:00,0.4507861692552409
2024-07-16 00:59:26+08:00,0.43695036438790985
2024-07-16 01:59:27+08:00,0.4335176037496658
2024-07-16 02:59:26+08:00,0.43201390328460393
2024-07-16 03:59:27+08:00,0.43006942586175134
2024-07-16 04:59:27+08:00,0.4303536435866245
2024-07-16 05:59:27+08:00,0.435940891998079
2024-07-16 06:59:27+08:00,0.48551466301653246
2024-07-16 07:59:27+08:00,0.5377449932504336
2024-07-16 08:59:26+08:00,0.5876302426163085
2024-07-16 09:59:26+08:00,0.5988661388293329
2024-07-16 10:59:27+08:00,0.5981222946480786
2024-07-16 11:59:27+08:00,0.5917913074335545
2024-07-16 12:59:27+08:00,0.5849900144434544
2024-07-16 13:59:26+08:00,0.6062676335284505
2024-07-16 14:59:27+08:00,0.6016907638238277
2024-07-16 15:59:27+08:00,0.6027861157868184
2024-07-16 16:59:27+08:00,0.5921660933294938
2024-07-16 17:59:26+08:00,0.5687236969760211
2024-07-16 18:59:27+08:00,0.5175643188067603
2024-07-16 19:59:26+08:00,0.48010512836955926
2024-07-16 20:59:26+08:00,0.46700175671041594
2024-07-16 21:59:26+08:00,0.4616750786291799
2024-07-16 22:59:27+08:00,0.45188613888814355
2024-07-17 00:59:27+08:00,0.4350688612749664
2024-07-17 01:59:27+08:00,0.43057395039214064
2024-07-17 02:59:26+08:00,0.42872432829211227
2024-07-17 03:59:27+08:00,0.42601523469081504
2024-07-17 04:59:27+08:00,0.4262735682490158
2024-07-17 05:59:27+08:00,0.43208828100427366
2024-07-17 06:59:27+08:00,0.4809853226164808
2024-07-17 07:59:27+08:00,0.5361368906471347
2024-07-17 08:59:27+08:00,0.5868212791836946
2024-07-17 09:59:27+08:00,0.5961737065548892
2024-07-17 10:59:27+08:00,0.5981812713211984
2024-07-17 11:59:27+08:00,0.590622443804174
2024-07-17 12:59:28+08:00,0.5832088652625469
2024-07-17 13:59:26+08:00,0.604505268781821
2024-07-17 14:59:27+08:00,0.6009426177440973
2024-07-17 15:59:26+08:00,0.5983322409856829
2024-07-17 16:59:27+08:00,0.5934963861442476
2024-07-17 17:59:27+08:00,0.5719431123910967
2024-07-17 18:59:27+08:00,0.5235470668733316
2024-07-17 19:59:27+08:00,0.486996407210876
2024-07-17 20:59:27+08:00,0.4698948740340176
2024-07-17 21:59:27+08:00,0.4655856385586954
2024-07-17 22:59:27+08:00,0.45186571323951447
2024-07-18 00:59:27+08:00,0.43690329109642806
2024-07-18 01:59:27+08:00,0.4329283284497057
2024-07-18 02:59:27+08:00,0.4313074672756365
2024-07-18 03:59:26+08:00,0.4290332263924631
2024-07-18 04:59:27+08:00,0.42949144707748144
2024-07-18 05:59:26+08:00,0.43418210726868983
2024-07-18 06:59:26+08:00,0.48307271566211385
2024-07-18 07:59:27+08:00,0.5329739604529103
2024-07-18 08:59:27+08:00,0.5812614571609271
2024-07-18 09:59:27+08:00,0.594305481920837
2024-07-18 10:59:27+08:00,0.5942732819848813
2024-07-18 11:59:26+08:00,0.5884877624171133
2024-07-18 12:59:27+08:00,0.581864789984797
2024-07-18 13:59:27+08:00,0.6019603171809523
2024-07-18 14:59:27+08:00,0.6003385140859264
2024-07-18 15:59:27+08:00,0.5994436707015491
2024-07-18 16:59:27+08:00,0.5906482897706681
2024-07-18 17:59:27+08:00,0.569544088017677
2024-07-18 18:59:27+08:00,0.5258248217696728
2024-07-18 19:59:27+08:00,0.48849514872408983
2024-07-18 20:59:27+08:00,0.4734782646992006
2024-07-18 21:59:26+08:00,0.468573352923059
2024-07-18 22:59:27+08:00,0.4542191766466336
2024-07-19 00:59:26+08:00,0.4426393549588314
2024-07-19 01:59:27+08:00,0.4373635313946787
2024-07-19 02:59:26+08:00,0.434688993473169
2024-07-19 03:59:27+08:00,0.42942989861098707
2024-07-19 04:59:28+08:00,0.42921058039543647
2024-07-19 05:59:27+08:00,0.4332114544478833
2024-07-19 06:59:26+08:00,0.4781130236013524
2024-07-19 07:59:27+08:00,0.5234434132383871
2024-07-19 08:59:26+08:00,0.5726853232534559
2024-07-19 09:59:26+08:00,0.58508530947014
2024-07-19 10:59:27+08:00,0.588232838199699
2024-07-19 11:59:27+08:00,0.5823015706067473
2024-07-19 12:59:26+08:00,0.5772486664401799
2024-07-19 13:59:26+08:00,0.5895173553334403
2024-07-19 14:59:27+08:00,0.591078153532539
2024-07-19 15:59:27+08:00,0.5871551271226081
2024-07-19 16:59:27+08:00,0.5758783523498237
2024-07-19 17:59:26+08:00,0.5537526766515629
2024-07-19 18:59:27+08:00,0.514643356230278
2024-07-19 19:59:26+08:00,0.4866293639724044
2024-07-19 20:59:26+08:00,0.46904510117854975
2024-07-19 21:59:26+08:00,0.4845794004870619
2024-07-19 22:59:27+08:00,0.4695073437344763
2024-07-20 00:59:27+08:00,0.44653417665961215
2024-07-20 01:59:27+08:00,0.4431768564556141
2024-07-20 02:59:27+08:00,0.4388988645767677
2024-07-20 03:59:27+08:00,0.437618984163682
2024-07-20 04:59:27+08:00,0.43350153233199357
2024-07-20 05:59:26+08:00,0.4340371467574976
2024-07-20 06:59:27+08:00,0.44548417789340067
2024-07-20 07:59:27+08:00,0.4657148940629197
2024-07-20 08:59:27+08:00,0.4871323380560813
2024-07-20 09:59:27+08:00,0.5022529842335623
2024-07-20 10:59:26+08:00,0.5187823028926588
2024-07-20 11:59:26+08:00,0.524259540897649
2024-07-20 12:59:27+08:00,0.5230414949391504
2024-07-20 13:59:26+08:00,0.5197739561533705
2024-07-20 14:59:27+08:00,0.5201105293863058
2024-07-20 15:59:26+08:00,0.5135121048356964
2024-07-20 16:59:27+08:00,0.5104504586258618
2024-07-20 17:59:26+08:00,0.5115098550725887
2024-07-20 18:59:27+08:00,0.5098664434952923
2024-07-20 19:59:27+08:00,0.4995730179657554
2024-07-20 20:59:27+08:00,0.4921444672635907
2024-07-20 21:59:26+08:00,0.48169627147901256
2024-07-20 22:59:26+08:00,0.46617298735501134
2024-07-21 00:59:26+08:00,0.4468352950749367
2024-07-21 01:59:27+08:00,0.44042514862429905
2024-07-21 02:59:27+08:00,0.4345851003773066
2024-07-21 03:59:27+08:00,0.42695526692219543
2024-07-21 04:59:26+08:00,0.4234221367451757
2024-07-21 05:59:27+08:00,0.42301060725869766
2024-07-21 06:59:26+08:00,0.4264255990879032
2024-07-21 07:59:26+08:00,0.43277899103099904
2024-07-21 08:59:27+08:00,0.43995164001483733
2024-07-21 09:59:26+08:00,0.44867410115964673
2024-07-21 10:59:27+08:00,0.46267281479695266
2024-07-21 11:59:26+08:00,0.47267318353534327
2024-07-21 12:59:26+08:00,0.4759785204993845
2024-07-21 13:59:27+08:00,0.4769142331225383
2024-07-21 14:59:26+08:00,0.47729321021846177
2024-07-21 15:59:26+08:00,0.4795986320798627
2024-07-21 16:59:27+08:00,0.479141435423938
2024-07-21 17:59:27+08:00,0.47921295508565365
2024-07-21 18:59:27+08:00,0.4715916833193718
2024-07-21 19:59:26+08:00,0.4650024337134776
2024-07-21 20:59:27+08:00,0.4605491709661274
2024-07-21 21:59:29+08:00,0.45993135310112143
2024-07-21 22:59:27+08:00,0.4506250111666788
2024-07-22 00:59:27+08:00,0.43780579018755705
2024-07-22 01:59:26+08:00,0.4328504388712842
2024-07-22 02:59:26+08:00,0.4311910731185473
2024-07-22 03:59:27+08:00,0.4325371711800408
2024-07-22 04:59:26+08:00,0.4334212491534061
2024-07-22 05:59:27+08:00,0.44068749361259024
2024-07-22 06:59:26+08:00,0.4910184770912906
2024-07-22 07:59:27+08:00,0.5438079444695133
2024-07-22 08:59:27+08:00,0.5939656012519344
2024-07-22 09:59:27+08:00,0.6018420151739027
2024-07-22 10:59:27+08:00,0.6036602315649535
2024-07-22 11:59:26+08:00,0.5956316066436118
2024-07-22 12:59:26+08:00,0.5872833811198472
2024-07-22 13:59:27+08:00,0.6020546684376104
2024-07-22 14:59:26+08:00,0.6037440384040255
2024-07-22 15:59:26+08:00,0.6005045458889782
2024-07-22 16:59:27+08:00,0.5909563805864749
2024-07-22 17:59:27+08:00,0.5654868698872643
2024-07-22 18:59:27+08:00,0.5134792992694863
2024-07-22 19:59:26+08:00,0.47817061959651913
2024-07-22 20:59:27+08:00,0.46235831936939353
2024-07-22 21:59:26+08:00,0.4598042434243072
2024-07-22 22:59:27+08:00,0.44848635722456015
2024-07-23 00:59:27+08:00,0.4358566853730359
2024-07-23 01:59:27+08:00,0.43299273316896897
2024-07-23 02:59:27+08:00,0.4285657244221769
2024-07-23 03:59:27+08:00,0.42585246447746233
2024-07-23 04:59:27+08:00,0.4291554468253143
2024-07-23 05:59:27+08:00,0.43434270632087196
2024-07-23 06:59:26+08:00,0.4780004871512556
2024-07-23 07:59:27+08:00,0.536271928487853
2024-07-23 08:59:26+08:00,0.5877746257011215
2024-07-23 09:59:27+08:00,0.59927230046929
2024-07-23 10:59:27+08:00,0.5987839519246448
2024-07-23 11:59:27+08:00,0.5909302463136741
2024-07-23 12:59:27+08:00,0.5833598220407299
2024-07-23 13:59:26+08:00,0.6043988494415622
2024-07-23 14:59:27+08:00,0.6037469353177911
2024-07-23 15:59:27+08:00,0.6037026858053106
2024-07-23 16:59:27+08:00,0.5933548241389748
2024-07-23 17:59:27+08:00,0.5716512504045467
2024-07-23 18:59:26+08:00,0.5231053875692528
2024-07-23 19:59:27+08:00,0.4851849860318268
2024-07-23 20:59:27+08:00,0.46582172273568884
2024-07-23 21:59:27+08:00,0.46164267168018275
2024-07-23 22:59:27+08:00,0.4502288920206137
2024-07-24 00:59:27+08:00,0.43679577734342934
2024-07-24 01:59:26+08:00,0.43173896347733
2024-07-24 02:59:27+08:00,0.4305677923754806
2024-07-24 03:59:27+08:00,0.42712915927010353
2024-07-24 04:59:26+08:00,0.42915852963084616
2024-07-24 05:59:27+08:00,0.4341109700270983
2024-07-24 06:59:26+08:00,0.4789166133920852
2024-07-24 07:59:27+08:00,0.5360540819721256
2024-07-24 08:59:27+08:00,0.5878389268479814
2024-07-24 09:59:27+08:00,0.5985342257649783
2024-07-24 10:59:27+08:00,0.5995637718193388
2024-07-24 11:59:26+08:00,0.5924105132938035
2024-07-24 12:59:27+08:00,0.5841490989355888
2024-07-24 13:59:27+08:00,0.6049714915046084
2024-07-24 14:59:26+08:00,0.6039598594440203
2024-07-24 15:59:27+08:00,0.6007695316147382
2024-07-24 16:59:26+08:00,0.5924145723813344
2024-07-24 17:59:26+08:00,0.5733512185436351
2024-07-24 18:59:27+08:00,0.523207580592403
2024-07-24 19:59:27+08:00,0.4874192389548283
2024-07-24 20:59:26+08:00,0.4732434545678109
2024-07-24 21:59:26+08:00,0.4686150843491465
2024-07-24 22:59:27+08:00,0.45560812973825643
2024-07-25 00:59:27+08:00,0.4372832944877206
2024-07-25 01:59:27+08:00,0.4327362089895947
2024-07-25 02:59:27+08:00,0.43410567767417857
2024-07-25 03:59:27+08:00,0.43046370599221245
2024-07-25 04:59:26+08:00,0.4297368801893814
2024-07-25 05:59:26+08:00,0.4340854787913106
2024-07-25 06:59:26+08:00,0.4801295383472537
2024-07-25 07:59:26+08:00,0.5339068981343388
2024-07-25 08:59:26+08:00,0.5849260698627592
2024-07-25 09:59:27+08:00,0.5978481652848561
2024-07-25 10:59:27+08:00,0.6003754313611656
2024-07-25 11:59:28+08:00,0.5942214643194462
2024-07-25 12:59:27+08:00,0.5868504787613728
2024-07-25 13:59:27+08:00,0.6051309460984274
2024-07-25 14:59:26+08:00,0.6063229744816262
2024-07-25 15:59:26+08:00,0.6020761076623165
2024-07-25 16:59:27+08:00,0.5940294020356922
2024-07-25 17:59:27+08:00,0.5716174092271563
2024-07-25 18:59:26+08:00,0.525973538554618
2024-07-25 19:59:26+08:00,0.4921734069164995
2024-07-25 20:59:27+08:00,0.4769798018679647
2024-07-25 21:59:26+08:00,0.469348033750114
2024-07-25 22:59:26+08:00,0.45635180509976214
2024-07-26 00:59:27+08:00,0.43895668961920403
2024-07-26 01:59:26+08:00,0.43455142199453584
2024-07-26 02:59:27+08:00,0.4318743489791107
2024-07-26 03:59:28+08:00,0.4300642108520859
2024-07-26 04:59:26+08:00,0.42968880244664903
2024-07-26 05:59:27+08:00,0.4341640806510129
2024-07-26 06:59:26+08:00,0.4795102423735143
2024-07-26 07:59:27+08:00,0.5240329156426307
2024-07-26 08:59:27+08:00,0.5731463571565051
2024-07-26 09:59:27+08:00,0.5877482457344103
2024-07-26 10:59:26+08:00,0.5911605054559411
2024-07-26 11:59:27+08:00,0.5837832147658324
2024-07-26 12:59:27+08:00,0.5791726018031969
2024-07-26 13:59:27+08:00,0.5976056980527606
2024-07-26 14:59:27+08:00,0.5948269799349707
2024-07-26 16:59:27+08:00,0.589386311798049
2024-07-26 17:59:26+08:00,0.5676459872856099
2024-07-26 18:59:26+08:00,0.5321974134615459
2024-07-26 19:59:27+08:00,0.5033198687256206
2024-07-26 20:59:26+08:00,0.4904196433959942
2024-07-26 21:59:27+08:00,0.48614737219066534
2024-07-26 22:59:26+08:00,0.4715533055487969
2024-07-27 00:59:26+08:00,0.4497129643307292
2024-07-27 01:59:27+08:00,0.4448880533946987
2024-07-27 02:59:27+08:00,0.4432366727198291
2024-07-27 03:59:26+08:00,0.4381132215585495
2024-07-27 04:59:26+08:00,0.43542096437718125
2024-07-27 05:59:27+08:00,0.43439006012077
2024-07-27 06:59:27+08:00,0.44471648913559764
2024-07-27 07:59:27+08:00,0.4663431614610698
2024-07-27 08:59:27+08:00,0.4864844362259666
2024-07-27 09:59:26+08:00,0.5014322934217593
2024-07-27 10:59:27+08:00,0.5169769512715898
2024-07-27 11:59:27+08:00,0.5236781716661659
2024-07-27 12:59:27+08:00,0.5246657505216535
2024-07-27 13:59:26+08:00,0.5247152005119496
2024-07-27 14:59:27+08:00,0.5215191367312794
2024-07-27 15:59:26+08:00,0.5242564762452346
2024-07-27 16:59:27+08:00,0.5221451256358388
2024-07-27 17:59:27+08:00,0.5222349945916455
2024-07-27 18:59:27+08:00,0.5180267975793866
2024-07-27 19:59:26+08:00,0.5090605773367453
2024-07-27 20:59:26+08:00,0.49919301993219256
2024-07-27 21:59:26+08:00,0.49143343515848087
2024-07-27 22:59:27+08:00,0.4747584601085997
2024-07-28 00:59:27+08:00,0.4536096456712593
2024-07-28 01:59:27+08:00,0.4474212731980615
2024-07-28 02:59:26+08:00,0.44247353750249685
2024-07-28 03:59:26+08:00,0.4381636926245922
2024-07-28 04:59:26+08:00,0.4341184854357377
2024-07-28 05:59:27+08:00,0.43234624104459213
2024-07-28 06:59:26+08:00,0.43460991855902914
2024-07-28 07:59:26+08:00,0.4390544119489073
2024-07-28 08:59:27+08:00,0.44508781491108956
2024-07-28 09:59:27+08:00,0.4573574744018872
2024-07-28 10:59:27+08:00,0.4705887475820902
2024-07-28 11:59:27+08:00,0.47825065261062544
2024-07-28 12:59:26+08:00,0.4835122868906228
2024-07-28 13:59:27+08:00,0.48634794035089257
2024-07-28 14:59:26+08:00,0.4855444592412226
2024-07-28 15:59:27+08:00,0.4882731702987529
2024-07-28 16:59:27+08:00,0.48982452844021623
2024-07-28 17:59:27+08:00,0.48658678285972784
2024-07-28 18:59:27+08:00,0.4795047036663754
2024-07-28 19:59:27+08:00,0.47407256703115036
2024-07-28 20:59:27+08:00,0.47140115817719136
2024-07-28 21:59:27+08:00,0.46583447026266683
2024-07-28 22:59:26+08:00,0.45598635127177767
2024-07-29 00:59:26+08:00,0.4411925154137944
2024-07-29 01:59:26+08:00,0.4365995147553376
2024-07-29 02:59:27+08:00,0.4358498917518319
2024-07-29 03:59:26+08:00,0.4311114060875712
2024-07-29 04:59:26+08:00,0.43204833028560397
2024-07-29 05:59:27+08:00,0.43890136161712606
2024-07-29 06:59:27+08:00,0.48994331253581413
2024-07-29 07:59:26+08:00,0.5421847674340842
2024-07-29 08:59:26+08:00,0.5910182833376678
2024-07-29 09:59:27+08:00,0.6007362417555854
2024-07-29 10:59:27+08:00,0.6016655804107254
2024-07-29 11:59:27+08:00,0.5936029607759626
2024-07-29 12:59:27+08:00,0.5862488009452361
2024-07-29 13:59:27+08:00,0.6036516436130229
2024-07-29 14:59:27+08:00,0.6033877655709379
2024-07-29 15:59:27+08:00,0.6011493577188483
2024-07-29 16:59:26+08:00,0.5934704775815746
2024-07-29 17:59:26+08:00,0.5687549054552571
2024-07-29 18:59:27+08:00,0.517242388732397
2024-07-29 19:59:27+08:00,0.48343725601757126
2024-07-29 20:59:26+08:00,0.46650215360337055
2024-07-29 21:59:27+08:00,0.46119166553683577
2024-07-29 22:59:27+08:00,0.4504799498014784
2024-07-30 00:59:26+08:00,0.4353849281519191
2024-07-30 01:59:27+08:00,0.4308678955940079
2024-07-30 02:59:27+08:00,0.43018370683780244
2024-07-30 03:59:27+08:00,0.43069706382834644
2024-07-30 04:59:27+08:00,0.4288662600328334
2024-07-30 05:59:26+08:00,0.43526081693454005
2024-07-30 06:59:26+08:00,0.48526644139934827
2024-07-30 07:59:26+08:00,0.5388470239043952
2024-07-30 08:59:27+08:00,0.592907471903477
2024-07-30 09:59:27+08:00,0.6033807964320912
2024-07-30 10:59:26+08:00,0.6047478047389109
2024-07-30 11:59:27+08:00,0.595214782542227
2024-07-30 12:59:27+08:00,0.5882973070448368
2024-07-30 13:59:26+08:00,0.6079635795764328
2024-07-30 14:59:26+08:00,0.6079151759703124
2024-07-30 15:59:26+08:00,0.6051294327472525
2024-07-30 16:59:27+08:00,0.5974867838154501
2024-07-30 17:59:27+08:00,0.5743801872617706
2024-07-30 18:59:26+08:00,0.5226414551447747
2024-07-30 19:59:27+08:00,0.48635037902487716
2024-07-30 20:59:26+08:00,0.47065907998148887
2024-07-30 21:59:27+08:00,0.46629723032943243
2024-07-30 22:59:27+08:00,0.45406070618835853
2024-07-31 00:59:26+08:00,0.43611896377348985
2024-07-31 01:59:27+08:00,0.4316049005006278
2024-07-31 02:59:27+08:00,0.4280609563492673
2024-07-31 03:59:27+08:00,0.42748052450273855
2024-07-31 04:59:27+08:00,0.42802709222442353
2024-07-31 05:59:27+08:00,0.43320419550134326
2024-07-31 06:59:26+08:00,0.48395700621542825
2024-07-31 07:59:27+08:00,0.5384363988945982
2024-07-31 08:59:26+08:00,0.5871338351316017
2024-07-31 09:59:27+08:00,0.6011257306625623
2024-07-31 10:59:26+08:00,0.6033676658343726
2024-07-31 11:59:27+08:00,0.5940592984626311
2024-07-31 12:59:27+08:00,0.5849201535179943
2024-07-31 13:59:26+08:00,0.6040357998001283
2024-07-31 14:59:27+08:00,0.6058784151332594
2024-07-31 15:59:27+08:00,0.6028961930543499
2024-07-31 16:59:26+08:00,0.5976707672771288
2024-07-31 17:59:26+08:00,0.5785624128223292
2024-07-31 18:59:27+08:00,0.5301401705145029
2024-07-31 19:59:27+08:00,0.49135350515350285
2024-07-31 20:59:27+08:00,0.4734275655792597
2024-07-31 21:59:26+08:00,0.4682762493497857
2024-07-31 22:59:27+08:00,0.4541203563172764
