car_park_no,x_coord,y_coord,kmeans,Sector
ACB,30314.7936,31490.4942,2,South
ACM,33758.4143,33695.5198,3,East
AH1,29257.7203,34500.3599,3,East
AK19,28185.4359,39012.6664,1,North-East
AK31,29482.029,38684.1754,1,North-East
AK52,29889.3457,39382.8134,1,North-East
AK83,31397.2241,39851.6191,1,North-East
AK9,29674.8184,40616.875,1,North-East
AM14,28777.0707,38973.9528,1,North-East
AM16,28267.0582,39151.8344,1,North-East
AM18,29257.6457,38619.9953,1,North-East
AM19,28134.9305,38989.9965,1,North-East
AM20,29421.1502,38526.8611,1,North-East
AM22,29595.2539,38514.7606,1,North-East
AM32,28117.7689,39172.0389,1,North-East
AM43,30669.2379,38959.5487,1,North-East
AM46,30234.4145,39354.0323,1,North-East
AM51,29489.025,39103.7605,1,North-East
AM64,30201.236,39274.274,1,North-East
AM79,30004.2224,39370.6063,1,North-East
AM80,28950.7223,39184.6976,1,North-East
AM81,28960.3285,39294.4158,1,North-East
AM96,29961.0968,38457.9118,1,North-East
AR1L,22359.0217,31801.6379,2,South
AR1M,22474.205,31687.9608,2,South
AR2L,22194.6359,32026.8288,2,South
AR2M,22252.486,31896.9749,2,South
AR5M,22562.8641,32184.9758,2,South
AR7L,22688.3753,32015.1518,2,South
AR7M,22643.9533,31900.5591,2,South
AR9,22448.9368,32178.436,2,South
AV1,24649.752,29778.7266,2,South
AV2,24941.5778,29704.4978,2,South
A1,28934.1777,38749.8516,1,North-East
A10,29247.03,38962,1,North-East
A100,29033.1895,39996.3712,1,North-East
A11,28541.14,38785.36,1,North-East
A12,28605.489,38954.8,1,North-East
A13,28388.51,38892.03,1,North-East
A15,28790.02,38777.85,1,North-East
A2,29082.59,38697.07,1,North-East
A20,29684.7366,38554.0251,1,North-East
A21,29446.1477,38906.1139,1,North-East
A23,29735.5099,38818.5301,1,North-East
A24,29789.41,38533.02,1,North-East
A25,30037.566,38313.6296,1,North-East
A26,28236.93,39419.47,1,North-East
A27,28556.67,39153.3,1,North-East
A28,28461.3669,39295.5961,1,North-East
A29,29713.5035,38806.4544,1,North-East
A30,29012.7631,39222.5981,1,North-East
A30A,29049.6606,39137.3556,1,North-East
A31,29155.32,39163.04,1,North-East
A31A,29150.6699,39318.7539,1,North-East
A33,28152.8391,39115.4784,1,North-East
A34,30042,38931.43,1,North-East
A35,30310.66,38963.49,1,North-East
A36,30443.9088,38715.8847,1,North-East
A37,30474.8188,38904.5192,1,North-East
A38,30367.0774,38445.7028,1,North-East
A39,30309.63,38134.69,1,North-East
A4,28876.2363,38636.7578,1,North-East
A40,30633.47,38267.95,1,North-East
A41,30627.96,38553.32,1,North-East
A42,30675.9559,38735.0223,1,North-East
A43,30887.78,38670.51,1,North-East
A44,30856.9781,38804.1956,1,North-East
A45,30438.53,39214.64,1,North-East
A47,30885.475,39174.8899,1,North-East
A48,30374.18,39154.22,1,North-East
A49,30724.16,39260.19,1,North-East
A50,30703.29,39392.09,1,North-East
A51,28117.6053,39054.6321,1,North-East
A52,29513.9566,39155.7785,1,North-East
A52L,29426.2389,39033.615,1,North-East
A53,29508.9218,39208.8091,1,North-East
A54,29401.8671,39382.3378,1,North-East
A55,29464.1325,39466.0892,1,North-East
A56,29538.847,39411.5653,1,North-East
A57,29518.5871,39336.4776,1,North-East
A58,29603.16,39372.68,1,North-East
A59,30762.295,39543.9937,1,North-East
A60,30514.5273,39606.8281,1,North-East
A61,30096.82,39574.31,1,North-East
A63,29789.5613,39690.0448,1,North-East
A64,30241.6957,39172.3075,1,North-East
A65,30904.46,39226.97,1,North-East
A66,28260.64,40279.16,1,North-East
A67,28499.27,40184.22,1,North-East
A68,28727.3335,40428.7342,1,North-East
A69,28960.06,40400.41,1,North-East
A7,28888.4313,38935.4059,1,North-East
A70,28755.4887,40287.5326,1,North-East
A71,28826.1219,40219.911,1,North-East
A72,29136.44,40303.05,1,North-East
A73,28835.3369,40091.5441,1,North-East
A74,29166.97,40069.8164,1,North-East
A75,28597.1669,39798.961,1,North-East
A76,28613.8871,39995.2242,1,North-East
A77,28741.1744,39815.655,1,North-East
A78,28564.0295,39632.2729,1,North-East
A8,29111.67,38975.61,1,North-East
A81,28351.6931,39594.7701,1,North-East
A82,28342.7741,39740.6593,1,North-East
A83,31046.8301,39589.4805,1,North-East
A85,29824.1,38572.16,1,North-East
A86,30582.1,38215.84,1,North-East
A87,30733.8638,38762.2439,1,North-East
A88,29552.24,38701.9,1,North-East
A89,28673.21,39163.93,1,North-East
A9,29232.3606,38900.2315,1,North-East
A90,28882.3578,40440.1317,1,North-East
A94,28556.1477,39318.8058,1,North-East
A95,29612.0323,38838.7824,1,North-East
A98,27837.0334,39020.7488,1,North-East
A99,28433.4999,39885.5496,1,North-East
BA1,32174.2918,35098.8104,3,East
BA10,32401.338,36121.0002,3,East
BA2,32444.5217,35453.6678,3,East
BA3,32229.3617,35383.6726,3,East
BA4,32410.3926,35271.7364,3,East
BA5,32375.4954,35170.051,3,East
BA6,32325.472,35823.9717,3,East
BA7,32320.0357,35997.2684,3,East
BA8,32246.0659,35990.7456,3,East
BA9,32740.6501,36141.8658,3,East
BBB,30264.1776,30994.7597,2,South
BBM1,18213.6562,36507.8169,0,West
BBM2,18714.471,36997.6927,0,West
BBM3,19831.2917,36294.3127,0,West
BBM4,19860.3631,36409.798,0,West
BBM5,19610.472,36154.6192,0,West
BBM6,19289.8168,36112.2533,0,West
BBM7,18025.9428,36609.4062,0,West
BBM8,18561.8095,36898.4253,0,West
BBM9,18924.8161,38652.2819,0,West
BE10,30223.1994,36651.8815,3,East
BE11,30194.9243,36877.2792,3,East
BE12,29963.6285,36903.1662,3,East
BE13,30026.4687,36336.1338,3,East
BE14,30460.9446,36576.481,3,East
BE15,30394.9029,36366.7901,3,East
BE17,29598.0859,38339.9922,1,North-East
BE18,27751.5586,37825.0781,1,North-East
BE19,29656.3321,36775.0947,3,East
BE20,29707.8648,36779.0905,3,East
BE21,29749.6768,36749.5862,3,East
BE22,29818.0559,36839.3645,3,East
BE23,29830.0702,36912.2681,3,East
BE24,29576.3203,37491.2812,1,North-East
BE25,29668.2541,37471.6058,1,North-East
BE26,29684.6992,37553.5273,1,North-East
BE27,29704.1126,37637.6725,1,North-East
BE28,29639.4805,37778.0547,1,North-East
BE29,29400.2617,37725.7422,1,North-East
BE3,28121.0801,38268.7852,1,North-East
BE3R,28240.0745,38359.6695,1,North-East
BE30,29460.8559,37726.9889,1,North-East
BE31,29421.8945,37882.1133,1,North-East
BE32,29486.1335,37915.7452,1,North-East
BE33,29279.9809,38026.2842,1,North-East
BE34,29146.6066,38113.6749,1,North-East
BE35,29086.8281,38164.5,1,North-East
BE36,29248.3008,37730.4375,1,North-East
BE37,29235.553,37787.1371,1,North-East
BE38,29251.7617,37885.625,1,North-East
BE39,28962.9515,37918.5499,1,North-East
BE4,29675.9231,36514.1566,3,East
BE40,29037.3835,37710.0917,1,North-East
BE42,29249.7223,37516.6532,1,North-East
BE44,27812.0967,37767.5494,1,North-East
BE45,29152.4171,37599.2039,1,North-East
BE5,29963.414,36478.9779,3,East
BE6,30066.0547,36320.9492,3,East
BE7,30192.8737,36349.311,3,East
BE8,30447.9395,36286.4727,3,East
BE9,30544.5318,36588.7709,3,East
BH1,29017.3398,34136.332,2,South
BH2,29050.8796,34252.9453,2,South
BJAL,20505.161,41097.6794,0,West
BJBL,20272.3997,40658.5045,0,West
BJMP,21344.6326,39972.0102,0,West
BJ1,20878.08,39550.76,0,West
BJ10,21026.3461,40101.7077,0,West
BJ11,21162.6537,40303.4372,0,West
BJ12,21452.9618,40246.9897,0,West
BJ13,21485.25,39887.66,0,West
BJ14,21346.1751,40106.9685,0,West
BJ15,21374.3071,39941.9395,0,West
BJ16,21356.3257,39943.2707,0,West
BJ17,20836.1138,40357.2456,0,West
BJ18,20743.2768,40326.2581,0,West
BJ19,20773.5976,40665.0357,0,West
BJ2,20581.8743,39791.6392,0,West
BJ20,20929.1589,40888.8561,0,West
BJ21,21028.24,40876.34,0,West
BJ22,21343.2842,40030.3147,0,West
BJ23,21281.85,39957.43,0,West
BJ24,21005.5592,40580.2986,0,West
BJ25,21145.4428,40760.7142,0,West
BJ26,21254.4996,40638.8302,0,West
BJ27,21059.217,40510.9727,0,West
BJ28,20457.7599,40100.1252,0,West
BJ29,20695.6095,40765.0345,0,West
BJ3,20884.1354,39921.5746,0,West
BJ30,20839.8705,40996.2639,0,West
BJ31,20672.7922,41096.8488,0,West
BJ32,20612.4337,40944.82,0,West
BJ33,21177.2481,40121.6311,0,West
BJ34,20565.9376,41081.058,0,West
BJ35,20498.7021,40997.6232,0,West
BJ36,20434.7146,40912.3617,0,West
BJ37,20361.9478,40819.6691,0,West
BJ38,20221.922,40787.0081,0,West
BJ39,20158.8662,40686.9514,0,West
BJ4,21204.7046,39724.8735,0,West
BJ40,20163.4889,40531.4817,0,West
BJ41,20447.5641,39722.7569,0,West
BJ42,20317.5802,39878.586,0,West
BJ43,20027.2654,40409.2626,0,West
BJ44,20395.5322,40290.7701,0,West
BJ45,20397.9729,40073.9347,0,West
BJ48,20352.8446,41013.5834,0,West
BJ49,20006.0358,40760.5616,0,West
BJ5,21295.8798,39665.1802,0,West
BJ50,21363.991,41123.9328,0,West
BJ51,20226.0907,40152.4974,0,West
BJ52,20134.1254,40120.981,0,West
BJ53,21168.4806,41302.9377,0,West
BJ54,21342.9805,41219.4493,0,West
BJ55,19927.0486,40913.764,0,West
BJ56,19723.7125,40870.4549,0,West
BJ57,19859.549,40799.6812,0,West
BJ58,21095.0855,41051.008,0,West
BJ59,21094.1509,41309.8258,0,West
BJ6,21443.7871,39574.4888,0,West
BJ60,20899.934,41139.0944,0,West
BJ61,20707.8422,41214.7175,0,West
BJ62,21108.8428,40690.9971,0,West
BJ63,20985.8418,40364.4597,0,West
BJ65,19702.7354,40739.1965,0,West
BJ66,19584.9139,40909.9744,0,West
BJ67,19616.1105,41031.7585,0,West
BJ68,20950.1385,40814.0823,0,West
BJ69,20182.5515,41087.2501,0,West
BJ70,20260.173,41274.7776,0,West
BJ71,20053.9274,40993.2371,0,West
BJ72,19937.6398,41200.6949,0,West
BJ8,21353.5943,39632.9105,0,West
BKE1,30034.1445,32237.498,2,South
BKE2,30466.3496,32935.1367,2,South
BKE3,30502.0605,32966.8867,2,South
BKE4,30617.8164,32970.7734,2,South
BKE7,30448.766,32767.6002,2,South
BKE9,30019.3942,32184.232,2,South
BKRM,31121.6383,33283.2558,3,East
BLM,31076.0824,33087.5529,3,East
BL10,14434.5806,36212.2117,0,West
BL13,14836.3467,36315.1094,0,West
BL15,14004.6897,36456.5691,0,West
BL17,14024.5648,36666.6301,0,West
BL18,14768.3178,36520.4472,0,West
BL19,14648.3419,36766.7841,0,West
BL20,14072.9303,36691.7296,0,West
BL21,14206.3144,36819.8339,0,West
BL22,14693.2928,36077.4814,0,West
BL23,14451.8262,36853.4082,0,West
BL24,14295.5416,35924.1943,0,West
BL3,14190.8096,36556.4297,0,West
BL8,14653.3598,36396.1197,0,West
BL8L,14505.671,36484.5266,0,West
BL9,14356.1152,36445.4219,0,West
BMVM,26866.0055,29672.9702,2,South
BM1,25357.1463,29858.3486,2,South
BM10,25857.7754,30056.6386,2,South
BM12,25769.3044,30009.7592,2,South
BM13,25648.7676,29924.1943,2,South
BM14,25276.6255,30161.1078,2,South
BM19,26373.3689,29793.0744,2,South
BM2,25399.6152,29918.9512,2,South
BM20,26379.7745,29741.6402,2,South
BM26,25118.4593,29967.6925,2,South
BM27,25937.1387,29610.3105,2,South
BM28,26052.9053,29603.6488,2,South
BM29,26194.9184,29563.3295,2,South
BM3,25574.8666,30013.7121,2,South
BM30,26154.2109,29519.0586,2,South
BM31,26136.5799,29432.235,2,South
BM33,26367.6248,29465.267,2,South
BM36,26279.3643,29471.6752,2,South
BM4,25288.5551,30009.2384,2,South
BM5,25139.9101,30093.7491,2,South
BM6,25823.7973,30215.5782,2,South
BM9,25889.8506,30167.4343,2,South
BP1,27059.7441,28364.7207,2,South
BP2,27297.2734,28508.1074,2,South
BRBL,29935.2249,32102.3708,2,South
BRB1,29921.7021,32043.75,2,South
BRM,31656.358,33667.0566,3,East
BRM1,30605.3384,34301.5549,3,East
BRM2,30711.6128,34245.0049,3,East
BRM3,30374.6768,33753.3566,3,East
BRM4,30532.4552,33886.3275,3,East
BRM5,30906.005,34415.6669,3,East
BRM6,31102.1822,34445.0449,3,East
BRM7,30457.6666,34068.0647,3,East
BR10,30357.7598,33918.1953,3,East
BR11,30854.1176,34276.8274,3,East
BR12,30715.4375,34382.2305,3,East
BR14,30967.5336,34242.9719,3,East
BR18,30496.3613,34277.707,3,East
BR21,30595.5166,34387.1259,3,East
BR22,30701.4824,34507.3281,3,East
BR4,30459.8203,33979.9766,3,East
BR5,30768.0099,34127.2333,3,East
BR6,30249.9707,33920.4375,3,East
BR8,30363.7715,34154.9883,3,East
BR9,29939.1769,33469.7037,2,South
BTM,27996.7913,29911.548,2,South
BTM2,27590.7177,29931.3587,2,South
BTM3,27485.7966,29859.2793,2,South
BVM2,26893.4354,29547.635,2,South
BWM,25037.7298,29927.4975,2,South
B10,39172.2903,34582.9441,3,East
B10M,39040.5507,34603.0432,3,East
B11,38803.7496,34507.0389,3,East
B12,38523.5625,34424.8004,3,East
B13,38733.3633,34652.0234,3,East
B14,38920.4797,34597.393,3,East
B16,39934.8473,33971.8042,3,East
B17,40079.2617,34051.0508,3,East
B19,39979.5352,33797.4766,3,East
B20,40253.2539,33562.5352,3,East
B21,39989.0226,34488.949,3,East
B23L,39851.2917,34739.452,3,East
B23M,39944.1477,34766.4678,3,East
B24,39682.7466,34983.1176,3,East
B24A,39829.8122,34830.0817,3,East
B25,39927.1063,35018.7287,3,East
B26,39910.4336,35166.7734,3,East
B27,39654.1953,35145.7266,3,East
B28,39379.6445,34971.7852,3,East
B30,39733.8204,34684.0888,3,East
B31,39744.5963,34524.6842,3,East
B32,39511.7026,34404.0851,3,East
B33,39405.1638,34385.3038,3,East
B34,39391.0547,34503.7773,3,East
B35,39335.7148,34586.2422,3,East
B40,39067.9293,34972.3428,3,East
B41,38925.7812,34972.8867,3,East
B42,38851.0273,34961.4805,3,East
B43,38492.9294,34812.5657,3,East
B44,38482.3867,35129.4805,3,East
B44A,38743.3984,35178.6016,3,East
B44B,37970.7092,34944.8181,3,East
B45,38250.9386,34876.1148,3,East
B46,38112.1565,34836.4398,3,East
B47,37896.9112,34789.4034,3,East
B48,38027.5007,34700.9495,3,East
B48B,38287.6513,34686.6961,3,East
B49,38388.8477,34932.0469,3,East
B50,36875.1304,34739.7397,3,East
B50A,36838.2461,34857.5547,3,East
B50B,36751.1433,34871.319,3,East
B51,37245.6836,34927.6641,3,East
B52,37412.3828,35122.5781,3,East
B53,37110.0129,35160.4187,3,East
B54,37112.9655,35062.2564,3,East
B57,37537.5855,35336.4582,3,East
B59,38310.1233,35520.6463,3,East
B6,38797.4548,34284.616,3,East
B6M,38858.3585,34156.6609,3,East
B6T,39044.9784,33995.6053,3,East
B60,38654.6406,35490.0933,3,East
B63,37937.9062,35591.9375,3,East
B65,40502.4219,33588.332,3,East
B65L,40720.5785,33389.4366,3,East
B65M,40577.3467,33351.3208,3,East
B66,35903.9044,34750.8852,3,East
B67,36132.6219,34913.1736,3,East
B68,39530.0381,33861.6257,3,East
B69,40091.8567,35069.2759,3,East
B7,38973.5423,34152.0151,3,East
B7A,39208.9372,34373.2247,3,East
B7B,39298.3108,34305.7565,3,East
B70,38536.5889,34280.1109,3,East
B71,38125.3637,34059.3926,3,East
B72,36243.3489,35174.2762,3,East
B73,36196.3322,34965.864,3,East
B74,36428.7057,35005.0793,3,East
B75,37379.8318,35029.8453,3,East
B76,39251.41,35342.7343,3,East
B77,39464.4992,35319.6825,3,East
B78,39692.6527,35310.6109,3,East
B79,39583.9006,35439.6773,3,East
B8,38567.8313,34234.9589,3,East
B8B,38531.1666,34114.4997,3,East
B80,38020.7204,35604.61,3,East
B81,39309.7384,33939.7118,3,East
B82,38805.8064,35117.6383,3,East
B83,37899.5392,34299.8988,3,East
B84,39227.6155,34273.0906,3,East
B85,40023.6834,34256.9953,3,East
B86,39393.0265,34775.2307,3,East
B87,39449.3971,33644.4324,3,East
B88,39683.2391,33835.9985,3,East
B89,39568.2194,34796.4641,3,East
B9,39184.2416,34709.4842,3,East
B90,39831.9791,33865.2621,3,East
B91,37007.0862,34999.621,3,East
B92,39197.6251,33772.3265,3,East
B93,39224.3984,33631.2777,3,East
B94,38688.1313,34940.2851,3,East
B94A,38668.2981,34834.5151,3,East
B95,39325.3283,34194.2403,3,East
B96,39088.1581,34133.7804,3,East
B97,38037.1417,35371.0192,3,East
B98,37860.0561,35362.5681,3,East
B99M,37954.0727,34412.5835,3,East
CAM,24092.2494,31574.3039,2,South
CCKC,18254.4236,40780.2921,0,West
CCM,24269.3904,31777.7395,2,South
CC1,37970.7792,34316.7372,3,East
CC10,38267.4015,34545.0259,3,East
CC11,37828.6078,34590.3599,3,East
CC12,38194.9297,34332.7592,3,East
CC4,37801.1879,34221.6662,3,East
CC5,38025.2345,34117.8358,3,East
CC6,38043.4844,33973.1328,3,East
CC7,38279.717,34164.7007,3,East
CC8,37584.5733,34347.0451,3,East
CC9,38313.9557,34438.2547,3,East
CDM,23934.8536,31553.8887,2,South
CKK1,18073.929,40606.0548,0,West
CKM1,17706.6149,40616.7716,0,West
CKM2,18365.515,42251.984,0,West
CKM3,17241.061,40350.4217,0,West
CKM4,17384.4024,40068.5078,0,West
CKM5,17135.7982,40142.8636,0,West
CKM6,17141.5616,39946.6052,0,West
CKM7,17288.8253,39773.897,0,West
CKM8,17432.5108,39671.7658,0,West
CKM9,17981.6699,39927.7497,0,West
CKT1,17457.2727,40253.9548,0,West
CKT2,17986.1193,40839.8157,0,West
CK1,19169.1019,39939.7774,0,West
CK10,18219.6466,40274.898,0,West
CK11,17822.7967,40079.0923,0,West
CK12,17816.8828,40361.3125,0,West
CK13,17841.917,40541.616,0,West
CK14,17897.997,40235.3892,0,West
CK15,17716.2981,40045.082,0,West
CK16,17528.125,40178.0781,0,West
CK17,17691.7227,40448.332,0,West
CK18,18797.0391,40329.4648,0,West
CK19,18875.7734,40272.4492,0,West
CK2,18880.332,40136.4375,0,West
CK20,17629.7003,40593.1789,0,West
CK22,18276.2056,40644.1197,0,West
CK23,17782.5234,40677.3633,0,West
CK24,17983.1711,40586.8844,0,West
CK25,18031.459,40472.3086,0,West
CK26,17943.7793,40730.3711,0,West
CK28,18079.0694,40228.4669,0,West
CK29,18072.2888,40190.9725,0,West
CK3,18734.6348,40064.9164,0,West
CK3A,18725.4974,40162.9532,0,West
CK30,18213.6543,40111.7031,0,West
CK31,18164.3898,40080.8939,0,West
CK32,18055.7989,39931.0181,0,West
CK33,17943.2973,41180.8424,0,West
CK34,17736.9363,41167.5327,0,West
CK35,17881.6424,41361.0029,0,West
CK36,17735.8704,41577.6177,0,West
CK37,17863.0257,41773.0092,0,West
CK38,18148.0534,41666.0012,0,West
CK39,18090.945,42004.5732,0,West
CK4,18912.6962,40234.9502,0,West
CK4A,18972.5753,40347.8975,0,West
CK40,18298.9982,41919.8106,0,West
CK41,18333.4408,41430.698,0,West
CK42,18363.8684,41631.0171,0,West
CK44,18631.6662,41611.081,0,West
CK45,18724.0529,41824.3887,0,West
CK46,18675.6762,41907.1414,0,West
CK47,18471.7225,41904.1787,0,West
CK48,18189.9873,42143.3391,0,West
CK49,18006.9629,42295.9806,0,West
CK5,19030.3926,40238.918,0,West
CK50,18031.8277,42477.9839,0,West
CK51,18459.6171,42391.2166,0,West
CK52,18754.0711,42503.4389,0,West
CK53,18748.505,42602.4434,0,West
CK54,18629.4583,42224.5521,0,West
CK55,18561.8248,42111.2701,0,West
CK56,18357.265,42562.8339,0,West
CK57,18541.2289,42678.1909,0,West
CK58,18157.8829,42638.4707,0,West
CK59,17841.6171,39866.5767,0,West
CK6,19073.3023,40300.0728,0,West
CK6A,19076.7918,40333.5431,0,West
CK60,18268.595,42905.4416,0,West
CK61,18607.321,42882.7597,0,West
CK62,18715.5324,42855.1194,0,West
CK63,18826.1888,42747.1959,0,West
CK64,18872.7705,42404.3378,0,West
CK65,18064.0069,41548.1433,0,West
CK66,18233.5224,41769.4117,0,West
CK7,18945.8673,40250.2699,0,West
CK70,17408.5254,39880.0108,0,West
CK71,17467.9916,39852.8673,0,West
CK72,17718.345,39728.0193,0,West
CK73,17994.5933,39697.5018,0,West
CK74,17975.1882,39477.9306,0,West
CK75,18119.3938,39664.2718,0,West
CK76,18305.5202,39560.1044,0,West
CK77,18361.9468,39838.3954,0,West
CK78,18660.8389,39885.9891,0,West
CK79,18695.601,39679.8718,0,West
CK8,18405.5916,40449.7464,0,West
CK8A,18614.0227,40353.8181,0,West
CK9,18162.1088,40384.5044,0,West
CK9A,18449.8356,40217.8144,0,West
CLM,25894.5957,30541.7316,2,South
CLNA,20180.2167,33851.5291,0,West
CLRG,20283.9283,33479.407,2,South
CLTR,20411.5945,33513.7467,2,South
CM1,28656.4003,28548.62,2,South
CR1,31337.5185,31734.6056,2,South
CR1A,31521.2359,31781.8809,2,South
CR1B,31565.7734,31819.2245,2,South
CR2,31599.1055,31890.8184,2,South
CR29,30612.5155,32012.4666,2,South
CR3,31450.707,31933.4004,2,South
CR30,30406.377,32213.3125,2,South
CR31,30379.3535,32063.9883,2,South
CR4,31351.9277,31854.1587,2,South
CR5,31218.4922,31730.7441,2,South
CR7,31229.7422,31984.8511,2,South
CSM,28873.2635,29983.8819,2,South
CTM1,20293.6227,33003.4096,2,South
CVBK,31083.7452,33199.2328,3,East
CV1,45233.8667,41140.4649,1,North-East
CV2,45212.8158,41314.4339,1,North-East
CV3,45045.6516,41323.3393,1,North-East
CV4,45264.5806,41344.1397,1,North-East
CY,30264.3593,31442.1456,2,South
C10,20837.8461,33414.5726,2,South
C11,20522.6462,33009.6141,2,South
C12,20519.9139,33782.4237,2,South
C13M,20528.1198,33646.8063,2,South
C14M,20417.4455,33296.1766,2,South
C15M,20290.6787,33170.3249,2,South
C16,20116.5191,32955.7857,2,South
C17,20273.9935,32905.3373,2,South
C18,20215.8784,32729.9597,2,South
C18A,20306.3068,32672.9468,2,South
C19M,20269.322,32850.6337,2,South
C2M,20717.3694,32581.3946,2,South
C20,20425.9232,32848.95,2,South
C20M,20469.2131,32645.0967,2,South
C21L,20624.0039,32590.9865,2,South
C21M,20566.6991,32662.4476,2,South
C22M,20991.1005,33766.9817,2,South
C24,21096.4707,34048.6484,2,South
C25,20840.7482,33844.4911,2,South
C26,20945.3775,33870.6421,2,South
C27,21010.3372,33832.437,2,South
C28,20211.495,33712.5638,2,South
C28M,20070.902,33845.674,0,West
C29,19754.8437,32767.8945,2,South
C29A,19749.6211,32629.2695,2,South
C3M,20967.8189,32458.1382,2,South
C3ML,20852.22,32522.1809,2,South
C30,19998.4863,32640.0059,2,South
C31,19907.0039,32541.0547,2,South
C32,19738.0729,32326.8057,2,South
C33,20603.5028,31877.1704,2,South
C34,19944.5184,32148.1942,2,South
C35,20000.4883,31993.6074,2,South
C36,20236.2232,31960.1377,2,South
C37,20282.323,31764.2687,2,South
C38,20121.5156,31683.3711,2,South
C39,20089.6113,32510.9746,2,South
C4M,21009.1656,32642.4126,2,South
C40L,20273.1009,31460.4731,2,South
C40M,20275.5121,31340.853,2,South
C41,20789.5326,31386.0593,2,South
C5,20905.8297,32821.8286,2,South
C6,20696.2978,32975.0306,2,South
C7,21037.2754,33018.7828,2,South
C8,20800.9102,33216.8047,2,South
C9,20988.0194,33324.5654,2,South
DRM1,25576.6096,29218.1692,2,South
DRM2,25165.8976,29305.1091,2,South
DRM3,25390.1316,29254.1321,2,South
DRM4,25668.1428,29257.6985,2,South
DRM5,25346.6693,29308.7018,2,South
DRS,25737.908,29213.3689,2,South
DSRL,24864.8825,31078.208,2,South
DSR1,24685.6441,31202.2045,2,South
DSR2,24885.23,31140.1423,2,South
DUXM,28860.8985,28827.1925,2,South
DWSO,25064.6593,30982.3473,2,South
DWSP,25620.1022,30938.7202,2,South
DWST,25626.2862,30840.6986,2,South
DWSV,25362.2059,30853.9755,2,South
DWVT,25420.9278,30734.4029,2,South
ECM,35602.0712,33584.2527,3,East
ECML,35592.0791,33722.6334,3,East
ECM2,35493.2923,33564.1391,3,East
EC2,35915.3437,33873.7578,3,East
EC3,35919.0977,33712.4297,3,East
EC4,35720.628,33641.6254,3,East
EC5,35717.5859,33809.3711,3,East
EC7,35601.9233,33339.4481,3,East
EC7T,35554.1536,33406.7099,3,East
EC8,35778.02,33499.0305,3,East
EI1,35070.0793,33964.0908,3,East
EI3,35240.6635,33456.9535,3,East
EPL,28733.8679,28847.7781,2,South
EPM,28622.0835,28739.5121,2,South
FRM,31121.2668,32341.4155,2,South
FR2C,25150.3008,33394.0586,2,South
FR2S,25091.4622,33354.5073,2,South
FR3M,24983.1434,33218.9585,2,South
FR4M,25130.4814,33238.9594,2,South
GBM,31930.2182,33890.9953,3,East
GEM,34041.285,33588.5472,3,East
GEML,34068.7879,33577.593,3,East
GE1A,33577.7747,33572.0259,3,East
GE1B,33973.3743,33717.7668,3,East
GE1C,33896.2141,33557.8016,3,East
GE1D,34214.9727,33789.4883,3,East
GE1E,33687.9721,33553.6719,3,East
GE1F,33666.5701,33497.1087,3,East
GE1G,33897.2922,33690.8917,3,East
GE2,33733.7656,33357.2852,3,East
GE3,34014.6484,33308.1484,3,East
GE5,34037.1328,33202.9687,3,East
GMLM,22713.9209,32338.0954,2,South
GM1A,22836.9123,32767.7127,2,South
GM1B,22985.068,32801.7739,2,South
GM1M,22552.3566,32407.3317,2,South
GM2,22974.2865,32655.7823,2,South
GM2A,22874.5952,32575.0244,2,South
GM3,23051.41,32606.52,2,South
GM5,23013.32,32520.93,2,South
GM6A,23036.915,32422.5932,2,South
GM6B,22917.7735,32435.7026,2,South
GSM,35236.2639,33275.6378,3,East
GSML,35252.7807,33256.2338,3,East
HCM,26691.3633,30161.685,2,South
HDBH,29669.4119,34933.9237,3,East
HE1,26779.8906,30181.1563,2,South
HE12,26367.5806,30069.2434,2,South
HE14,26768.4355,29793.2871,2,South
HE17,26561.0277,29871.6493,2,South
HE19,26627.3867,30326.9473,2,South
HE22,26834.7218,30269.4645,2,South
HE24,26627.4121,29677.5937,2,South
HE3,26708.25,29683.2227,2,South
HE4,26827.4609,29545.2148,2,South
HE9,26650.6074,29571.3613,2,South
HG1,34773.1311,38246.9455,1,North-East
HG1A,35619.4738,40071.2687,1,North-East
HG1B,35497.5223,39745.8425,1,North-East
HG1C,35850.5915,39983.2046,1,North-East
HG1D,34765.7308,38421.4154,1,North-East
HG1E,34832.7635,38300.6631,1,North-East
HG1F,33985.8567,37798.8386,1,North-East
HG10,34361.8201,37404.5949,3,East
HG11,34862.2295,38666.4192,1,North-East
HG12,35216.1904,38747.8164,1,North-East
HG13,35261.0156,38873.8796,1,North-East
HG14,35023.2798,39024.5479,1,North-East
HG15,33942.0874,37892.5664,1,North-East
HG16,34095.5904,37977.2274,1,North-East
HG17,34080.7076,37750.4416,1,North-East
HG18,34191.1758,37792.5508,1,North-East
HG19,33618.2651,37216.3433,3,East
HG2,34533.3906,38329.9531,1,North-East
HG2A,35501.0297,39817.8795,1,North-East
HG2B,33468.3697,39724.6803,1,North-East
HG2C,35112.2965,39125.1711,1,North-East
HG2D,33994.2969,40153.4168,1,North-East
HG20,33910.4258,36933.0703,3,East
HG22,33243.2373,37175.2101,3,East
HG23,34480.0781,37732.4375,1,North-East
HG24,34496.2494,37985.1602,1,North-East
HG26,35293.1914,39057.5898,1,North-East
HG29,35318.5017,39372.252,1,North-East
HG3A,33282.6779,40818.5609,1,North-East
HG3B,33375.828,40694.4027,1,North-East
HG3C,33418.229,40968.2736,1,North-East
HG3D,33158.7215,40684.5984,1,North-East
HG3E,33602.1418,40785.1834,1,North-East
HG3L,33373.4677,40905.5905,1,North-East
HG30,35083.1678,39473.6275,1,North-East
HG31,35031.5866,39712.0645,1,North-East
HG32,33869.4973,39265.7089,1,North-East
HG33,33681.9766,39065.4219,1,North-East
HG34,33362.3594,39106.8477,1,North-East
HG35,34192.6367,38725.0781,1,North-East
HG36,34041.3045,38684.032,1,North-East
HG37,34015.3359,39445.9023,1,North-East
HG38,34340.7388,39488.4518,1,North-East
HG39,33859.2191,39106.9608,1,North-East
HG4,34417.4102,38475.2617,1,North-East
HG40,34539.9612,37136.0181,3,East
HG41,33122.7539,39254.3111,1,North-East
HG42,33575.4429,39573.3197,1,North-East
HG43,33674.0721,39346.8732,1,North-East
HG44,33899.488,39516.6851,1,North-East
HG45,33877.2539,39766.0352,1,North-East
HG46,33969.957,39760.9531,1,North-East
HG47,34748.896,39244.171,1,North-East
HG48,34763.52,39713.1288,1,North-East
HG49,34837.5859,40085.5664,1,North-East
HG5,34565.1384,38599.6502,1,North-East
HG50,34456.3578,39923.9507,1,North-East
HG51,34320.5249,40069.8193,1,North-East
HG52,34280.7309,40250.2304,1,North-East
HG53,34386.2027,39209.6336,1,North-East
HG54,33679.7387,37636.4156,1,North-East
HG55,34665.4285,39409.9585,1,North-East
HG56,34321.5593,39246.2794,1,North-East
HG57,35081.043,37491.8984,3,East
HG58,35056,37688.4219,3,East
HG59,34677.457,36999.3906,3,East
HG60,34440.7881,40108.8916,1,North-East
HG61,34213.8314,40180.7212,1,North-East
HG62,34147.6282,40310.4206,1,North-East
HG63,35127.5269,39373.949,1,North-East
HG64,33895.9179,39593.254,1,North-East
HG65,34622.7764,36051.0336,3,East
HG66,34913.4572,35860.8756,3,East
HG67,34955.3741,39587.9068,1,North-East
HG68,34512.6726,39104.8807,1,North-East
HG69,34638.456,39111.1082,1,North-East
HG7,34063.4941,37305.6551,3,East
HG70,34141.9377,40105.4776,1,North-East
HG71,33904.3999,39964.9457,1,North-East
HG72,33852.9205,40066.849,1,North-East
HG73,33590.2913,40031.4783,1,North-East
HG74,34093.2753,36992.4181,3,East
HG75,34196.4873,36967.1434,3,East
HG76,33136.5776,37096.1058,3,East
HG77,33667.3839,39716.3125,1,North-East
HG78,33558.5205,39862.4297,1,North-East
HG79,33249.7444,39781.9719,1,North-East
HG80,33091.2937,39576.5271,1,North-East
HG81,35344.4023,38110.0508,1,North-East
HG82,35706.5,38048.3008,1,North-East
HG83,35650.3728,37831.2487,1,North-East
HG84,35239,37964.8945,1,North-East
HG85,35362.1016,38036.1953,1,North-East
HG86,33253.8313,39628.6415,1,North-East
HG87,32957.2644,39767.9074,1,North-East
HG88,34150.9965,39781.4108,1,North-East
HG89,34756.316,39980.4127,1,North-East
HG9,33698.1131,37886.9986,1,North-East
HG9T,33778.1037,37858.0136,1,North-East
HG90,32955.07,39984.6887,1,North-East
HG91,33219.5565,39999.7403,1,North-East
HG92,34311.515,38261.6987,1,North-East
HG93,33208.1321,40216.5463,1,North-East
HG94,33267.1427,40391.5643,1,North-East
HG95,34319.1474,37341.5832,3,East
HG96,34282.3014,37198.2092,3,East
HG97,34837.3954,39248.3805,1,North-East
HG98,32938.9335,40216.0826,1,North-East
HG99,34202.0544,36839.2199,3,East
HLM,29354.6692,29687.508,2,South
HRM,26668.6582,29993.0383,2,South
HR1,35147.8437,32640.4844,3,East
HR2,35090.332,32769.8359,3,East
HR3,35018.9851,32918.853,3,East
HR4,34975.9951,32997.6117,3,East
HR5,34875.6086,32812.5333,3,East
HVM,27376.7446,30252.7338,2,South
H11,27390.4513,29983.9052,2,South
H12,27342.3203,30487.627,2,South
H14,27905.0274,30102.5966,2,South
H15,27733.5273,30287.791,2,South
H17,27392.1841,30064.5769,2,South
H18,27294.4381,30155.4567,2,South
H3,27910.6083,30378.7005,2,South
H3BL,33444.3288,40713.4165,1,North-East
H3DL,33209.3106,40779.9579,1,North-East
H4,27560.7129,30056.3984,2,South
H42A,33437.4888,39407.7276,1,North-East
H6,27517.5526,30418.6159,2,South
H6M,27399.5432,30402.6587,2,South
H8,27733.2963,30015.8248,2,South
H87L,33038.8293,40052.7361,1,North-East
H93L,33274.8825,40196.8778,1,North-East
JBM,27317.7804,29079.9207,2,South
JBM2,27105.3295,29188.4439,2,South
JB1,33505.3407,31638.549,3,East
JB2,33528.7279,31552.9403,3,East
JB3,33672.4849,31431.027,3,East
JB4,33547.8789,31758.125,3,East
JCM,35293.685,33059.6021,3,East
JCML,35269.0428,33048.779,3,East
JKM,28629.3066,29963.8422,2,South
JKS,28703.5642,30064.2195,2,South
JMB1,27298.7467,29375.368,2,South
JMB2,27274.0467,29729.2354,2,South
JMB3,27140.8217,29448.5025,2,South
JMS,28610.6237,30051.6694,2,South
JM1,15461.2578,36356.8719,0,West
JM10,12861.1777,35680.0784,0,West
JM11,13624.8076,35994.9675,0,West
JM12,12989.0554,35920.273,0,West
JM13,13134.6714,35737.8133,0,West
JM14,13026.1447,36061.7744,0,West
JM15,13172.241,35894.5938,0,West
JM16,13399.316,35488.4096,0,West
JM17,13617.7777,35278.113,0,West
JM18,13110.6908,36127.6675,0,West
JM19,13477.0963,37120.2881,0,West
JM2,13715.4817,36231.4554,0,West
JM20,13269.4787,35285.1266,0,West
JM21,12848.9764,35472.8488,0,West
JM22,13451.5242,36321.3672,0,West
JM23,13584.64,37295.9859,0,West
JM24,12947.1123,35275.2364,0,West
JM25,13232.9976,36272.1883,0,West
JM26,13511.8473,36412.4785,0,West
JM27,13673.3012,36493.4353,0,West
JM28,12683.1316,35279.6451,0,West
JM29,12551.4555,35465.1802,0,West
JM3,13838.2635,36303.7106,0,West
JM30,13595.4624,36957.2314,0,West
JM31,12894.0173,36018.9264,0,West
JM32,14062.3852,35973.1774,0,West
JM33,12321.9597,35318.7474,0,West
JM4,13598.5325,36287.4517,0,West
JM5,13512.8021,35739.3606,0,West
JM6,13359.4862,35709.3734,0,West
JM7,13497.6635,36071.1758,0,West
JM8,13330.2931,35944.9436,0,West
JM9,12808.9157,35648.0735,0,West
JRM,31175.747,32165.4237,2,South
JRTM,25441.3095,30196.268,2,South
JSA1,15969.0318,36726.9783,0,West
JSR2,13711.4533,36158.9284,0,West
JS1L,13822.1572,35914.7433,0,West
JS3L,13008.3628,35980.6896,0,West
JS33,12457.7938,35259.9777,0,West
JS4L,15568.9516,35541.8105,0,West
JS5L,12828.9589,35710.5525,0,West
J1,17402.9823,35401.3306,0,West
J10,17625.0718,36019.1003,0,West
J11,17607.7146,36118.9485,0,West
J12,17421.1122,36167.969,0,West
J13,17271.9009,36187.6309,0,West
J14,17512.2512,36248.7864,0,West
J15,17772.459,36243.0234,0,West
J16,17129.8093,36282.7747,0,West
J17,17110.9062,36422.9844,0,West
J18,17040.9824,36558.0742,0,West
J19,16942.1133,36672.5273,0,West
J2,17255.3159,35642.1729,0,West
J20,16777.377,36482.1289,0,West
J21,16487.2598,36798.418,0,West
J21A,16615.6323,36620.0095,0,West
J22,16523.8906,37047.8984,0,West
J23,16726.1406,36905.0234,0,West
J23M,16739.1947,36793.4383,0,West
J24,16619.8437,36430.0234,0,West
J25,16684.9102,36333.9766,0,West
J26,16568.1895,36340.3828,0,West
J27,15018.2256,36557.7852,0,West
J28,14999.1709,36634.0039,0,West
J29,15045.9395,36750.0547,0,West
J3,17112.1421,35740.2671,0,West
J30,14888.3145,36770.8398,0,West
J32,15441.7334,36438.2695,0,West
J33,15152.9335,36434.7257,0,West
J34,15398.4307,36577.707,0,West
J35,15335.207,36693.7578,0,West
J36,14883.267,37142.1353,0,West
J37,14921.6961,37045.2742,0,West
J38,15231.4766,36804.4414,0,West
J39,15538.8643,36919.3594,0,West
J4,17826.3697,35522.9964,0,West
J40,15709.2368,36905.2238,0,West
J41,15615.0684,36712.7969,0,West
J42,15786.7041,36706.2305,0,West
J43,15975.2217,36672.4648,0,West
J44,15904.8789,36553.3516,0,West
J45,16144.0439,36789.7031,0,West
J46,15284.1084,36874.7695,0,West
J47,15168.6443,36930.4317,0,West
J48,15219.7479,37142.2128,0,West
J49,15272.0103,37284.0817,0,West
J49M,15352.863,37320.212,0,West
J5,17883.7508,35609.7189,0,West
J50,15669.4749,37311.863,0,West
J51,15904.1348,37295.1406,0,West
J52,15914.5094,37063.4502,0,West
J53,16137.4785,36983.8477,0,West
J54,15890.8105,36893.8086,0,West
J55,15866.4258,36751.25,0,West
J56,17537.9507,35231.3632,0,West
J57,17516.667,35130.0187,0,West
J57L,17598.8143,35184.3604,0,West
J58,17576.3345,35155.1132,0,West
J6,17486.8128,35693.066,0,West
J60L,15152.11,36874.8285,0,West
J60M,15155.3093,36830.6309,0,West
J61,11874.875,35804.875,0,West
J62,11539.0898,35894.793,0,West
J62M,11666.8136,35782.3574,0,West
J63,11654.2969,35993.1406,0,West
J64,16707.915,36290.7825,0,West
J65,11971.8174,36102.7266,0,West
J66,12175.81,35939.8984,0,West
J67,12357.588,35978.1413,0,West
J68M,12264.1306,36023.6972,0,West
J69,12455.3311,35761.7852,0,West
J69M,12422.54,35944.981,0,West
J7,17395.7576,35966.8282,0,West
J70,12440.6748,36204.0469,0,West
J71,12514.7743,36484.9714,0,West
J72,12910.9012,36599.9072,0,West
J73,12965.2227,36238.1133,0,West
J74,12730.417,36090.9727,0,West
J74M,12812.9485,36110.9309,0,West
J75M,12397.1268,36260.1612,0,West
J76M,12558.9118,36274.9459,0,West
J77M,13002.919,36619.5998,0,West
J78M,12620.3435,35969.4867,0,West
J79M,12599.8443,36515.2018,0,West
J8,17789.8162,35843.6681,0,West
J8M,17884.6894,35867.6356,0,West
J80M,13270.9893,36409.7045,0,West
J81M,13182.8539,36856.8882,0,West
J82M,12322.8738,36443.2248,0,West
J83M,12613.8496,36926.4932,0,West
J84M,12771.2097,36650.4919,0,West
J85M,12744.1045,36899.5648,0,West
J86M,13061.8605,36897.8976,0,West
J88M,13965.0447,35981.9547,0,West
J89M,13819.7717,36058.9311,0,West
J9,17837.3306,36030.7859,0,West
J90,18444.8766,35967.1503,0,West
J91,18071.4794,35523.767,0,West
J92,18377.6747,35526.0278,0,West
J93,18186.6838,35712.1634,0,West
J94,17966.9948,35762.0649,0,West
J95,18403.3359,35807.1678,0,West
J96,18166.4546,35964.0009,0,West
J97,18276.4189,36061.6102,0,West
J98M,12813.2745,35771.8721,0,West
J99M,12722.6845,35766.8461,0,West
KAB,29009.336,29350.1611,2,South
KAM,29110.783,29377.6082,2,South
KAML,29106.1357,29419.0762,2,South
KAS,29052.1921,29224.6796,2,South
KBM,31984.8599,33610.8985,3,East
KBRM,32562.6638,32889.7832,3,East
KB1,31959.8887,33979.5898,3,East
KB10,31369.1973,33463.1641,3,East
KB11,31383.6001,33648.8612,3,East
KB12,31145.9587,33485.5967,3,East
KB14,32089.1664,33646.109,3,East
KB17,31293.2559,33326.1406,3,East
KB18,31607.4592,33883.3513,3,East
KB20,31686.3712,33999.0332,3,East
KB3,32043.8984,33676,3,East
KB4,32158.2889,33930.5369,3,East
KB6,32530.8352,33607.979,3,East
KB7,32135.5156,33759.7891,3,East
KEM1,30136.2998,32358.8836,2,South
KE1,36412.1149,34662.9517,3,East
KE2,36579.9508,34967.3109,3,East
KE3,36751.9219,35122.572,3,East
KE3M,36690.7665,35134.9344,3,East
KE4,36895.1004,35095.7928,3,East
KJML,30035.265,32724.2432,2,South
KJM1,29722.4759,33152.4737,2,South
KJM2,30084.3192,32664.3631,2,South
KJ1,30083.6504,32880.4805,2,South
KJ2,29932.1543,32838.1094,2,South
KJ3,29848.7578,32968.1406,2,South
KJ4,30020.0977,33207.0158,2,South
KLM,30613.3563,32065.8984,2,South
KM1,33634.3718,32491.1189,3,East
KM2,34056.2683,32342.8113,3,East
KM3,33523.1191,32313.2942,3,East
KM4,33792.0373,32312.0363,3,East
KM5,33812.7654,32478.3858,3,East
KM6,34098.3121,32420.0166,3,East
KM6L,34068.6084,32547.8395,3,East
KRM,32454.2248,32632.6824,3,East
KTM,27480.5391,29500.8137,2,South
KTM2,27349.7876,29542.5114,2,South
KTM3,27480.2057,29232.1227,2,South
KTM4,27329.8822,29325.2282,2,South
KTM5,27570.7265,29441.0716,2,South
KTM6,27546.4706,29366.694,2,South
KUM1,35319.8966,34382.6444,3,East
KUM2,35281.6557,34583.8609,3,East
KU1,35764.1553,34634.4679,3,East
KU2,35904.5382,34433.0259,3,East
KU3,35693.8016,34294.5677,3,East
KU4,35426.6861,34198.7233,3,East
KU5,34682.004,34739.3755,3,East
KU9,35542.2415,34680.104,3,East
K10,33686.7144,32414.074,3,East
K19,34230.6149,32242.3548,3,East
K2,33456.8846,32339.0013,3,East
K2T,33589.582,32206.4841,3,East
K21,34152.4219,32154.25,3,East
K22,34127.5,32207.5039,3,East
K3T,33624.4511,32211.1481,3,East
K52,33696.3242,32544.5075,3,East
K7,33864.8318,32356.4852,3,East
K9,33891.3203,32539.3633,3,East
LBM,25985.8189,30193.5347,2,South
LT1,36701.4493,33951.4516,3,East
LT2,36631.1094,34016.6914,3,East
LT3,36588.6943,34141.3917,3,East
L1,32678.1348,36847.0548,3,East
MLM,24676.3894,30639.2696,2,South
MLM1,24684.8066,30491.8693,2,South
MM1,33981.2699,34740.5471,3,East
MM2,33873.4028,34064.3335,3,East
MM3,34087.5573,34277.3707,3,East
MM4,33807.9172,34598.3392,3,East
MM5,34149.4724,34667.1985,3,East
MM6,34318.7769,34060.4025,3,East
MM7,34296.3215,34188.8298,3,East
MM7L,34178.4766,34165.8832,3,East
MNM,30951.0578,33699.6625,3,East
MNRM,30906.0026,33644.1601,3,East
MN1,30880.3705,33808.8344,3,East
MN2,30565.2223,33368.7671,3,East
MP1,37371.0903,31905.8597,3,East
MP1M,36524.3349,31701.1168,3,East
MP12,36262.5434,31721.8625,3,East
MP13,36406.0703,31559.5098,3,East
MP14,36194.5872,31654.4656,3,East
MP15,36086.4038,31669.644,3,East
MP16,36149.1148,31581.2922,3,East
MP17,37231.475,32107.329,3,East
MP19,36133.3286,31515.2207,3,East
MP2,37274.8789,31840.2031,3,East
MP2M,36854.4147,31775.1611,3,East
MP20,36109.3594,31519.7479,3,East
MP3M,37128.3266,31854.8695,3,East
MP4M,37001.0531,31814.983,3,East
MP5,37220.0664,32048.6387,3,East
MP5M,36809.7582,31975.4666,3,East
MP5S,36819.8751,31889.6622,3,East
MP6,37244.1328,31980.8496,3,East
MP6M,36343.2232,31627.1688,3,East
MP6S,36356.2562,31612.4137,3,East
MP7,37055.7578,31990.209,3,East
MR3,30868.3965,32223.6387,2,South
MR4,30966.4004,32248.0234,2,South
MR5,31057.5078,32274.7238,2,South
MR6,31029.1022,32165.4648,2,South
MR7,31013.0397,32209.1946,2,South
M1,33911.4824,33924.4674,3,East
M16,33917.1152,34519.5107,3,East
M20,34003.7503,34423.7894,3,East
M25,34105.2715,34051.7061,3,East
M28,33769.1354,34814.6793,3,East
M3,33962.7323,34675.6377,3,East
M32,33506.0078,33840.2109,3,East
M33,33436.9727,33943.3672,3,East
M34,33822.8767,34967.5382,3,East
M35,33853.4512,34389.6627,3,East
M36,33796.2186,34304.2656,3,East
M37,33818.9546,34433.4006,3,East
M38,34027.245,34375.424,3,East
M4,34047.6106,34582.1714,3,East
NBRM,31304.4327,31815.6323,2,South
NTL,39437.1163,38289.5513,1,North-East
NT1,39457.9515,38139.8942,3,East
NT10,40461.228,38578.6537,1,North-East
NT11,40340.3893,38418.7633,1,North-East
NT12,39145.7911,39063.0552,1,North-East
NT13,39215.9628,38841.7874,1,North-East
NT2,39470.0333,38235.2559,1,North-East
NT3,39463.3913,38452.666,1,North-East
NT4,39453.5479,38608.266,1,North-East
NT5,39861.432,38191.3771,1,North-East
NT6,40071.7965,38819.0019,1,North-East
NT6L,40022.4095,38900.4834,1,North-East
NT7,40204.2581,38671.6502,1,North-East
NT7L,40166.8931,38573.2629,1,North-East
NT8,39893.7093,38667.9402,1,North-East
NT9,40335.8086,38749.5219,1,North-East
PDC4,17475.2563,39985.5474,0,West
PDC5,17989.9222,41499.0296,0,West
PDJ3,15435.0187,35211.8516,0,West
PDJ7,12930.5286,36787.2543,0,West
PDL1,36861.9823,41783.2542,1,North-East
PDL2,36878.2862,42747.5714,1,North-East
PDP4,21106.05,40635.5878,0,West
PDP5,20516.3308,40817.8945,0,West
PDQ5,25514.1791,30563.4425,2,South
PDR2,42604.5156,38773.6442,1,North-East
PDR6,40065.8952,39988.2066,1,North-East
PDR7,39453.4352,40190.3477,1,North-East
PDS1,35624.873,40823.859,1,North-East
PDT8,39261.5396,37495.72,3,East
PDW5,23640.69,45832.6288,4,North
PDW7,24076.3392,47457.4236,4,North
PDW8,23752.5835,46647.3671,4,North
PD8W,23295.7544,47198.0451,4,North
PLB1,41971.3984,39012.3008,1,North-East
PL10,36567.6957,42059.8507,1,North-East
PL11,36383.4393,42222.0385,1,North-East
PL12,36467.5455,41586.9263,1,North-East
PL13,36576.967,41721.609,1,North-East
PL14,35982.6704,42695.5596,1,North-East
PL15,36821.298,41862.4746,1,North-East
PL16,36463.3164,42276.7143,1,North-East
PL17,37244.6093,42288.7308,1,North-East
PL18,37013.9934,41998.5248,1,North-East
PL19,36545.1733,42395.6863,1,North-East
PL20,37111.8432,42381.4517,1,North-East
PL21,37141.8926,41874.4571,1,North-East
PL22,37191.4597,42180.6537,1,North-East
PL23,35831.2383,42404.7448,1,North-East
PL24,36348.4338,42380.9942,1,North-East
PL25,36731.4595,41935.1533,1,North-East
PL26,37123.7973,42130.2229,1,North-East
PL27,35762.7151,42260.5799,1,North-East
PL28,36145.8836,42652.6976,1,North-East
PL29,36897.0646,42490.1374,1,North-East
PL30,36989.2194,41806.2447,1,North-East
PL31,36110.4866,42837.2882,1,North-East
PL32,35933.3863,42966.5081,1,North-East
PL33,36521.4363,42569.3563,1,North-East
PL34,36309.071,42857.6068,1,North-East
PL35,36232.401,42775.4525,1,North-East
PL36,36113.2644,43096.1637,1,North-East
PL37,36495.4409,42788.2417,1,North-East
PL38,36381.5675,42939.0974,1,North-East
PL39,35192.9049,42872.8244,1,North-East
PL40,35326.1743,42841.9622,1,North-East
PL41,35636.9282,42723.6586,1,North-East
PL42,36722.4823,42665.6779,1,North-East
PL43,35765.2615,42620.0879,1,North-East
PL44,35568.6186,42304.0762,1,North-East
PL45,37034.4487,41726.1275,1,North-East
PL46,36714.9868,42459.2349,1,North-East
PL47,35522.7156,42499.8392,1,North-East
PL48,35463.4411,42762.8004,1,North-East
PL49,35463.2889,42357.9568,1,North-East
PL50,35358.2193,42587.4444,1,North-East
PL51,35270.4165,42433.5886,1,North-East
PL52,35584.2349,43559.8993,1,North-East
PL53,35217.6575,43016.4003,1,North-East
PL54,34902.6149,42928.77,1,North-East
PL55,35069.2354,43028.1349,1,North-East
PL56,36726.0925,43212.3119,1,North-East
PL57,37055.2239,42642.9595,1,North-East
PL58,37289.3261,42421.1514,1,North-East
PL59,35282.797,43327.1927,1,North-East
PL60,36896.1695,43074.4327,1,North-East
PL61,36410.0435,43106.6938,1,North-East
PL62,34923.1009,43042.4085,1,North-East
PL63,36486.8089,43065.2274,1,North-East
PL64,36557.4238,43015.7992,1,North-East
PL65,35389.8621,43509.9902,1,North-East
PL66,36352.1816,41721.0087,1,North-East
PL67,35143.9937,43367.4988,1,North-East
PL68,34935.4135,42745.609,1,North-East
PL69,37380.9995,42710.8525,1,North-East
PL70,34668.4946,42762.2985,1,North-East
PL71,37175.8873,42873.1765,1,North-East
PL72,34784.0419,42552.2276,1,North-East
PL73,34533.1571,42794.7856,1,North-East
PL74,34486.264,42569.8371,1,North-East
PL75,35281.7517,43917.728,1,North-East
PL76,35345.9447,43901.2419,1,North-East
PL77,37596.6187,42542.5155,1,North-East
PL78,35143.0392,43671.1572,1,North-East
PL79,37787.0655,42329.5838,1,North-East
PL80,35655.2525,44286.5897,1,North-East
PL81,35919.5379,44619.0472,1,North-East
PL82,35450.915,44307.2069,1,North-East
PL83,35655.8827,44477.4339,1,North-East
PL84,37695.6419,42190.0385,1,North-East
PL85,35459.5056,44027.7283,1,North-East
PL86,36071.7449,44415.8333,1,North-East
PL87,36109.5023,44575.0173,1,North-East
PL88,36576.359,44364.7351,1,North-East
PL89,36642.0912,44523.7985,1,North-East
PM1,41720.207,39587.085,1,North-East
PM10,42373.461,38753.7772,1,North-East
PM11,42482.8751,38537.8136,1,North-East
PM12,42657.807,38550.2316,1,North-East
PM13,42053.3726,38723.5879,1,North-East
PM14,42109.8791,38528.4122,1,North-East
PM15,42284.7957,38467.7932,1,North-East
PM16,42400.9355,38268.6092,3,East
PM17,42071.2657,38321.6853,3,East
PM18,41750.9103,38533.7141,1,North-East
PM19,41766.7964,38887.5806,1,North-East
PM2,42210.8365,39121.6128,1,North-East
PM20,40702.1342,38896.9108,1,North-East
PM21,40920.1747,39245.8244,1,North-East
PM22,41231.6084,38954.5238,1,North-East
PM23,40930.0174,38967.7033,1,North-East
PM24,41131.632,38802.2291,1,North-East
PM25,40496.5258,39820.0373,1,North-East
PM26,40316.681,39541.0967,1,North-East
PM27,40606.3885,39551.3513,1,North-East
PM28,40736.5955,39633.1743,1,North-East
PM29,40247.7753,39924.3544,1,North-East
PM3,42201.9401,39312.6071,1,North-East
PM30,40114.6224,39748.7266,1,North-East
PM32,39883.2972,40142.5172,1,North-East
PM33,39858.5997,39896.3925,1,North-East
PM34,39728.975,39998.0806,1,North-East
PM35,39721.1068,40304.2524,1,North-East
PM36,39546.2838,40486.3671,1,North-East
PM37,39429.3197,40431.9844,1,North-East
PM38,39565.4411,40102.7854,1,North-East
PM4,42258.6513,39567.5489,1,North-East
PM40,39358.5759,39992.2049,1,North-East
PM41,39214.3187,40090.5883,1,North-East
PM43,39108.47,39913.5495,1,North-East
PM44,39126.6463,39773.0358,1,North-East
PM45,39416.5981,39622.2609,1,North-East
PM46,39692.8318,39469.9703,1,North-East
PM5,42388.3371,39530.4506,1,North-East
PM6,42477.8773,39204.2227,1,North-East
PM7,42459.8111,38843.4823,1,North-East
PM8,42126.5924,39294.429,1,North-East
PM9,42233.462,38924.6687,1,North-East
PP1,31994.78,35133.03,3,East
PP2,31643.1687,34986.5402,3,East
PP3,31619.7981,35088.4721,3,East
PP4,31650.3687,35213.5248,3,East
PP5,31328.03,35388.25,3,East
PP6,31816.7963,34942.7097,3,East
PP9T,31643.7896,34932.8598,3,East
PRM,28996.2194,29764.092,2,South
PRM1,41857.2031,39071.4559,1,North-East
PRS1,42134.4478,38894.2762,1,North-East
PR1,41875.5357,38818.4836,1,North-East
PR10,41784.5801,39526.9469,1,North-East
PR11,42030.2409,39606.4261,1,North-East
PR12,41283.8272,38971.2519,1,North-East
PR13,40942.8203,39055.5703,1,North-East
PR14,41151.375,38747.043,1,North-East
PR2,41590.9705,38812.1621,1,North-East
PR3,41064.8727,39231.0631,1,North-East
PR4,41488.2976,39437.995,1,North-East
PR5,41554.7014,39169.7008,1,North-East
PR6,41830.3635,39044.8529,1,North-East
PR7,41840.49,39225.13,1,North-East
PR8,42050.749,39253.7168,1,North-East
PR9,41926.2439,39467.9453,1,North-East
P1,36202.3912,42357.2043,1,North-East
P11,18544.4873,33717.7282,0,West
P12,18526.4824,33647.3125,0,West
P13,18772.8516,33660.8789,0,West
P14,18635.6875,33513.0954,0,West
P15,18521.3692,33566.3085,0,West
P16,18411.9297,33571.571,0,West
P17,18436.3162,33454.2597,0,West
P2,36091.6693,42442.0964,1,North-East
P3,36063.3675,42259.892,1,North-East
P34L,36246.7526,42930.9252,1,North-East
P35L,36269.0157,42678.4287,1,North-East
P4,36046.5051,42123.9201,1,North-East
P40L,39419.6994,40009.1936,1,North-East
P5,36271.1939,42085.2693,1,North-East
P5L,36283.2687,42152.2969,1,North-East
P6,36473.7909,41918.4197,1,North-East
P6L,36543.1672,41943.8193,1,North-East
P7,36140.7994,41924.977,1,North-East
P71L,37190.4782,42765.7878,1,North-East
P73L,34524.5777,42733.2272,1,North-East
P76L,35336.0812,43792.9611,1,North-East
P77L,37568.3243,42442.9721,1,North-East
P8,36635.3349,41792.3558,1,North-East
P88L,36630.6431,44360.7121,1,North-East
P9,36816.0197,41648.1136,1,North-East
Q14,24533.22,31110.95,2,South
Q15,24487.19,31188.56,2,South
Q16,24705.57,31033.88,2,South
Q17,24717.58,30953.45,2,South
Q19,24654.5215,30786.998,2,South
Q2A,24780.1309,30449.3691,2,South
Q30,25268.69,30911.89,2,South
Q4,24726.8911,30124.9522,2,South
Q41,25318.4336,30747.652,2,South
Q48,24682.94,30859.67,2,South
Q49,24600.43,30852.65,2,South
Q5A,24644.4805,30393.2754,2,South
Q5S,24530.9034,30353.3466,2,South
Q51,24187.6,31144.34,2,South
Q52,24170.85,31017.51,2,South
Q55,23894.27,31228,2,South
Q59,24023.14,31476.19,2,South
Q65,24153.2643,31983.7356,2,South
Q65A,24418.636,32156.675,2,South
Q66,24236.01,32114.32,2,South
Q67,24352.42,32166.07,2,South
Q68,24181.18,32133.41,2,South
Q70,24353.0804,32185.228,2,South
Q72,24391.78,32090.9,2,South
Q73,24335.5387,32064.3962,2,South
Q75M,23590.6968,32292.0387,2,South
Q77M,23403.3645,32654.8683,2,South
Q8,24244.0036,30732.3137,2,South
Q80,23479.7213,32316.8703,2,South
Q81,23531.2041,32206.3235,2,South
Q84,23921.707,32122.75,2,South
Q85,23406.71,32283.49,2,South
Q86,24722.8381,30771.7904,2,South
Q87,23873.3239,32354.7312,2,South
Q88,24354.2159,30597.8694,2,South
Q89,23741.0378,32063.6114,2,South
Q92,25236.2422,30797.7383,2,South
Q93,25189.3828,30813.4336,2,South
Q94,24354.3978,32217.4868,2,South
Q95,24433.0873,32115.9271,2,South
Q96,24782.1998,30858.4456,2,South
Q97,24000.9896,31284.4381,2,South
Q98,23989.771,31078.5446,2,South
Q99,24191.1767,31958.4905,2,South
RCM,30452.1642,32170.1999,2,South
RC1,30029.3828,34529.4805,3,East
RC2,30198.2024,34434.491,3,East
RC3,30364.4121,34500.5937,3,East
RHM,26359.4531,29876.1692,2,South
RHM2,26173.5652,29936.3581,2,South
RHM3,26214.2901,30036.7081,2,South
RHM4,26052.2467,30044.7806,2,South
RHS,26029.8967,30077.9357,2,South
SAM,25613.7877,30550.6392,2,South
SAM2,25513.9562,30707.2765,2,South
SB1,26746.7947,47569.9618,4,North
SB10,26005.1646,48235.1526,4,North
SB11,26146.3836,48155.5365,4,North
SB12,26413.575,48309.133,4,North
SB13,26120.0717,48440.4225,4,North
SB14,26232.1094,48224.2405,4,North
SB15,26149.9066,47840.5307,4,North
SB16,26218.5396,47769.2359,4,North
SB17,26928.4878,48059.5679,4,North
SB18,25816.924,47840.9691,4,North
SB19,26668.9418,48135.1503,4,North
SB2,26573.7982,47566.4296,4,North
SB20,26796.9569,47989.2006,4,North
SB21,25876.3743,48156.1255,4,North
SB22,26549.9373,48088.2577,4,North
SB23,26338.6026,47963.0686,4,North
SB24,26910.8423,48226.4033,4,North
SB25,27050.5673,47980.1685,4,North
SB26,25986.3619,48674.0283,4,North
SB27,26228.1281,48691.4308,4,North
SB28,26032.4828,48496.9223,4,North
SB29,26527.1938,48294.3119,4,North
SB3,26381.2626,47401.3802,4,North
SB30,25798.9394,48563.7941,4,North
SB31,25908.3774,48570.2721,4,North
SB32,27220.487,47999.719,4,North
SB33,27345.0145,48093.3785,4,North
SB34,25796.9155,48472.7851,4,North
SB35,27808.9467,47485.5107,4,North
SB36,28073.8648,47675.4504,4,North
SB37,27935.4647,47865.1427,4,North
SB38,27930.3532,47366.8059,4,North
SB39,27876.1108,47714.037,4,North
SB4,26659.5337,47304.5182,4,North
SB40,27486.3855,47524.8095,4,North
SB41,25822.6138,47537.0937,4,North
SB42,26101.4401,47336.1969,4,North
SB43,27622.2732,47414.3118,4,North
SB44,27863.2115,48161.217,4,North
SB45,27715.1491,47227.684,4,North
SB46,28115.5097,47515.5307,4,North
SB47,27602.6159,47803.8074,4,North
SB5,26317.2063,47530.1084,4,North
SB6,26802.1975,47444.0071,4,North
SB7,25962.1661,47586.3759,4,North
SB8,26209.1886,47639.8142,4,North
SB9,26015.7785,47701.567,4,North
SDM,32577.6928,32750.7372,3,East
SDM2,33023.254,33156.8404,3,East
SD1,32870.5864,33205.4777,3,East
SD10,32536.1875,32664.7148,3,East
SD11,33133.8433,33184.8063,3,East
SD2,33013.2144,33244.1573,3,East
SD3,33111.4554,33289.2189,3,East
SD4,33222.1008,33206.111,3,East
SD5,33185.7148,33337.7578,3,East
SD9,32471.3589,32673.4722,3,East
SE1R,32008.2454,39269.0556,1,North-East
SE11,32462.735,39138.1824,1,North-East
SE12,32425.9955,37769.0271,1,North-East
SE13,32118.9668,37628.3516,1,North-East
SE14,32080.9673,37405.0495,3,East
SE15,32016.5748,37221.793,3,East
SE16,31828.4814,37191.2676,3,East
SE17,31827.3152,37091.2582,3,East
SE18,32133.8758,36923.5252,3,East
SE19,32493.0156,37426.3627,3,East
SE2,32141.4161,39120.5864,1,North-East
SE20,32315.8014,37076.1308,3,East
SE21,32306.5934,37281.6467,3,East
SE22,32319.1389,37361.3217,3,East
SE23,32175.5882,37349.5073,3,East
SE24,32248.5137,37207.3633,3,East
SE25,32385.3212,36493.6986,3,East
SE26,32542.9488,36786.8864,3,East
SE27,32777.6686,36724.1991,3,East
SE28,32485.4629,36702.1845,3,East
SE29,32727.6274,36890.9379,3,East
SE3,32184.8437,39029.6133,1,North-East
SE30,32577.7448,38876.7994,1,North-East
SE31,32490.834,39280.3789,1,North-East
SE32,32337.793,39365.832,1,North-East
SE33,32372.4102,39573.3748,1,North-East
SE34,32597.8236,39566.3426,1,North-East
SE35,32778.0707,39455.8826,1,North-East
SE37,32626.2779,39288.7385,1,North-East
SE38,32718.2316,39550.3266,1,North-East
SE39,32271.7043,39500.6075,1,North-East
SE4,32337.7296,38973.7878,1,North-East
SE4S,32447.178,38780.0615,1,North-East
SE4T,32081.2625,38854.7014,1,North-East
SE40,32084.7485,39394.1524,1,North-East
SE41,32105.7886,39560.7557,1,North-East
SE42,32650.2875,39210.4727,1,North-East
SE43,32714.58,39167.89,1,North-East
SE5L,32677.0953,39047.1465,1,North-East
SE50,31927.5751,37333.0762,3,East
SE51,32347.3644,37477.7718,1,North-East
SE52,32264,37663.5,1,North-East
SE53,32646.5636,39045.8726,1,North-East
SE54,32212.7535,37730.9037,1,North-East
SE6,32291.7151,38654.071,1,North-East
SE7,32311.0661,38616.7321,1,North-East
SE9,32578.5299,38938.192,1,North-East
SGLM,30994.8653,33878.8196,3,East
SGTM,31285.1184,33809.4155,3,East
SG1,31081.3691,33941.3672,3,East
SG2,31215.5547,34039.582,3,East
SG3,31211.6165,34153.5582,3,East
SG4,31314.7745,33950.196,3,East
SH1,28554.1079,36984.0277,3,East
SH2,28406.2288,37118.966,1,North-East
SIM1,41035.8834,36146.1393,3,East
SIM2,41421.5824,36471.461,3,East
SIM3,41894.1857,36390.0702,3,East
SIM4,41380.0528,36193.553,3,East
SIM5,41239.177,36075.6849,3,East
SIM6,41980.7224,36124.2827,3,East
SI1,41132.0547,35918.9005,3,East
SI10,41778.1055,36412.1574,3,East
SI11,42016.4544,36368.226,3,East
SI12,41979.002,36445.3718,3,East
SI13,41776.8118,36015.1241,3,East
SI14,41499.3416,36379.6414,3,East
SI2,41198.5644,36239.7964,3,East
SI3,41210.8437,36301.043,3,East
SI4,41238.5468,36333.2491,3,East
SI5,41426.516,36431.5438,3,East
SI6,41611.4102,36559.418,3,East
SI7,41685.6118,36617.7899,3,East
SI8,41777.9717,36593.4263,3,East
SI9,41590.7201,36434.8566,3,East
SK1,35884.5645,41149.7601,1,North-East
SK10,35224.4669,41353.9464,1,North-East
SK11,35361.0715,41148.1882,1,North-East
SK12,35494.0265,40573.0138,1,North-East
SK13,35503.532,41122.8627,1,North-East
SK14,36014.7491,41304.3232,1,North-East
SK15,35368.923,41723.2516,1,North-East
SK16,35521.3711,40631.423,1,North-East
SK17,35276.8508,41636.7294,1,North-East
SK18,35927.2239,41842.1501,1,North-East
SK19,35690.9808,41852.5684,1,North-East
SK2,35433.4759,41356.0962,1,North-East
SK20,35851.5524,41777.5921,1,North-East
SK21,35766.7722,40531.9718,1,North-East
SK22,36001.1909,41017.8685,1,North-East
SK23,36099.0459,40907.1776,1,North-East
SK24,36172.8047,41735.4985,1,North-East
SK25,35193.2717,41647.7381,1,North-East
SK26,35037.7821,41713.346,1,North-East
SK27,35803.6315,40755.9683,1,North-East
SK28,34964.5908,40993.9848,1,North-East
SK29,34907.7394,41106.0902,1,North-East
SK3,35134.3189,40887.3355,1,North-East
SK30,34957.9524,41736.067,1,North-East
SK31,35706.3126,41679.5157,1,North-East
SK32,34548.7768,41065.8066,1,North-East
SK33,34574.9636,41140.2415,1,North-East
SK34,35640.0823,42063.5105,1,North-East
SK35,35403.3489,41899.0368,1,North-East
SK36,34479.4144,41197.9512,1,North-East
SK37,34375.646,41042.6153,1,North-East
SK38,34829.7614,41852.9235,1,North-East
SK39,35205.0144,42017.0171,1,North-East
SK4,35427.7063,40454.8668,1,North-East
SK40,34130.2215,41374.1249,1,North-East
SK41,34060.4225,41184.0668,1,North-East
SK42,34233.6919,41090.2204,1,North-East
SK43,35107.1095,42039.9623,1,North-East
SK44,33905.0798,41268.8098,1,North-East
SK45,35280.3263,42165.1817,1,North-East
SK46,33763.8587,41567.8926,1,North-East
SK47,33771.7581,41364.3158,1,North-East
SK48,34475.7019,41347.2977,1,North-East
SK49,34358.6228,41381.4575,1,North-East
SK5,35726.2721,41068.0657,1,North-East
SK50,34592.9265,41686.8525,1,North-East
SK51,34472.1598,41724.1866,1,North-East
SK52,34307.6386,41623.0083,1,North-East
SK53,34015.6621,41607.626,1,North-East
SK54,36345.8603,41552.0224,1,North-East
SK55,36285.422,41009.03,1,North-East
SK58,32996.0569,41263.3008,1,North-East
SK59,34958.0485,41925.5733,1,North-East
SK6,35525.092,41265.8605,1,North-East
SK60,32444.96,41076.957,1,North-East
SK61,32620.4698,41123.1753,1,North-East
SK62,32829.9567,41201.1613,1,North-East
SK63,35195.6938,40666.4558,1,North-East
SK64,34946.9569,40704.5286,1,North-East
SK65,35087.586,40622.2863,1,North-East
SK66,36192.9313,41509.0921,1,North-East
SK67,35097.5944,40434.3881,1,North-East
SK68,34780.0509,40557.9461,1,North-East
SK69,32787.0554,41601.8227,1,North-East
SK7,35197.2219,41221.829,1,North-East
SK70,34835.6667,40693.9897,1,North-East
SK71,34774.0235,40448.7069,1,North-East
SK72,34740.622,40787.4947,1,North-East
SK73,34780.2916,40894.8139,1,North-East
SK74,32927.5192,41564.4693,1,North-East
SK75,32650.9465,41502.7315,1,North-East
SK76,35432.869,40808.116,1,North-East
SK77,32809.1737,41359.6037,1,North-East
SK78,32535.1306,41510.8896,1,North-East
SK79,35425.2143,40897.3587,1,North-East
SK8,35664.287,41306.3404,1,North-East
SK80,32808.4169,41758.3716,1,North-East
SK81,32446.7092,41548.8847,1,North-East
SK82,36424.4447,41417.9477,1,North-East
SK83,32461.1013,41787.9348,1,North-East
SK84,36538.8836,41313.482,1,North-East
SK85,32987.7264,41793.5661,1,North-East
SK86,32878.9647,41809.1498,1,North-East
SK87,32429.5956,41673.2254,1,North-East
SK88,32538.8707,41769.3259,1,North-East
SK89,34146.3004,41863.1893,1,North-East
SK9,36079.7857,41414.8039,1,North-East
SK90,34570.2904,41861.2936,1,North-East
SK91,34474.3384,40829.755,1,North-East
SK92,34632.3385,40901.2037,1,North-East
SK93,32681.0825,41761.6732,1,North-East
SK94,34234.1105,42026.8616,1,North-East
SK95,34291.9886,42206.0484,1,North-East
SK96,33000.3795,41646.8467,1,North-East
SK97,33889.5864,41641.0117,1,North-East
SK98,33204.2465,41285.8912,1,North-East
SK99,33034.2631,42108.8313,1,North-East
SLS,29074.9041,29346.72,2,South
SL1,38051.043,32673.7969,3,East
SL2,37997.8555,32648.7539,3,East
SMM,25135.7671,30634.5571,2,South
SMML,25259.6207,30666.3245,2,South
SM1,28668.8008,37777.1992,1,North-East
SM2,28336.3289,37439.3599,1,North-East
SM3,28639.6889,37421.9282,1,North-East
SM5,28553.6907,37871.1114,1,North-East
SM6,28512.4336,38159.9961,1,North-East
SM8,28636,37711.8984,1,North-East
SM9,28392.1992,37509.3008,1,North-East
SPM,28257.4232,28489.7651,2,South
SPS,28317.6841,28619.0984,2,South
SRS,27693.5872,28667.6456,2,South
SR1,29950.6152,31769.9941,2,South
SR2,29976.3171,31722.7063,2,South
SS1L,34222.1303,42325.782,1,North-East
STAM,25398.1488,30582.3365,2,South
STM1,24647.2485,30296.4074,2,South
STM2,24703.9688,30248.287,2,South
STM3,24662.1367,30248.061,2,South
S100,33385.8789,42084.1752,1,North-East
S101,33130.4351,42095.6631,1,North-East
S102,36266.5706,41244.503,1,North-East
S103,34896.2847,42025.6613,1,North-East
S104,34647.5273,41351.7558,1,North-East
S105,34803.9591,41294.0789,1,North-East
S106,34316.7374,40374.0494,1,North-East
S107,34275.0208,42337.3597,1,North-East
S108,35081.2721,42217.8028,1,North-East
S109,33183.7608,41498.5269,1,North-East
S110,33931.8699,41689.9061,1,North-East
S111,32220.5882,41525.3527,1,North-East
S112,32051.503,41600.0851,1,North-East
S113,33824.527,41667.8944,1,North-East
S114,32040.2678,41790.0426,1,North-East
S115,32243.4465,41773.7554,1,North-East
S116,32217.7375,41139.4688,1,North-East
S117,32132.5171,41358.2673,1,North-East
S118,32792.4874,42224.4283,1,North-East
S119,36654.2859,41006.2644,1,North-East
S120,34137.6446,42079.0775,1,North-East
S13L,33976.3641,41801.3132,1,North-East
S14L,33672.15,41719.2634,1,North-East
S15L,32098.6626,41307.4782,1,North-East
S16L,32841.3354,42213.5234,1,North-East
S19L,26619.279,48110.2064,4,North
S24L,26930.1313,48308.6929,4,North
S28L,26156.746,48492.1384,4,North
S30L,34845.4319,41829.1525,1,North-East
S36L,28033.599,47720.0557,4,North
S38L,27945.3404,47471.3997,4,North
S39L,32277.158,39545.2552,1,North-East
S40L,27600.8748,47574.1207,4,North
S43L,27659.3104,47371.4915,4,North
S45A,27745.6908,47187.0993,4,North
S45L,27821.7372,47226.2109,4,North
S47L,27557.5807,47754.0354,4,North
S69A,32847.355,41553.4443,1,North-East
TAM1,40534.8059,37474.7126,3,East
TAM2,41336.4164,38040.1724,3,East
TBCM,26642.874,28889.9336,2,South
TBC2,26594.4985,28690.7096,2,South
TBC3,26248.2192,29055.7391,2,South
TBK,25410.0758,28869.5953,2,South
TBL,25044.3866,28772.2926,2,South
TBM,25479.2441,28253.7507,2,South
TBMT,25059.9661,28475.4537,2,South
TBM2,25318.3879,28642.2103,2,South
TBM3,25290.5101,28428.7979,2,South
TBM4,25156.3228,28862.5317,2,South
TBM5,25599.7585,28608.3876,2,South
TBM6,25528.5116,28424.2252,2,South
TBM7,25497.8422,28748.5546,2,South
TBM8,25102.2101,28852.5891,2,South
TBM9,25092.2521,28584.6862,2,South
TB1,26359.0527,28989.3284,2,South
TB10,26874.703,28321.7568,2,South
TB11,26911.2155,28123.4116,2,South
TB14,25109.3906,29363.2539,2,South
TB17,25740.9065,28588.0794,2,South
TB18,25383.8683,28775.7738,2,South
TB19,25261.3047,28571.479,2,South
TB2,26444.6627,28896.6707,2,South
TB22,25135.612,28488.1817,2,South
TB23,25985.6543,29309.834,2,South
TB27,25595.8755,29374.1443,2,South
TB28,25306,28279.5996,2,South
TB29,25069.197,28402.4038,2,South
TB3,26458.5039,28811.9141,2,South
TB4A,26789.3262,28899.8419,2,South
TB6,26757.168,28492.5299,2,South
TB7,26673.4648,28437.3189,2,South
TB8,26601.755,28348.037,2,South
TB9,26766.3105,28419.3515,2,South
TE1,27236.0312,29306.6816,2,South
TE13,27694.6129,29518.2043,2,South
TE14,27503.2019,28827.5456,2,South
TE2,27083.1099,29159.4607,2,South
TE21,27806.9987,29492.094,2,South
TE22,27918.1167,29540.7605,2,South
TE23,28023.0859,29632.3616,2,South
TE24,27642.8184,29641.8672,2,South
TE25,27718.3359,28870.7891,2,South
TE26,27725.5076,29745.9783,2,South
TE27,27803.2031,29566.7725,2,South
TE28,27925.02,29451.2566,2,South
TE29,27776.6895,29392.8223,2,South
TE3,27201.2559,29132.8223,2,South
TE30,27652.541,29480.3242,2,South
TE4,27390.6755,28981.1406,2,South
TE9,27961.4701,29590.094,2,South
TGML,17541.2774,33778.08,0,West
TGM1,17493.7022,33714.2794,0,West
TGM2,17424.7554,33821.7982,0,West
TGM3,17539.8244,33945.2298,0,West
TGM4,17308.7145,33863.5119,0,West
TG1,17351.3149,33950.9498,0,West
TG2,17347.6784,33758.6936,0,West
TG3,17500.7539,33654.8242,0,West
TG6,17736.171,33786.4157,0,West
TG7,17869.5236,33600.6696,0,West
THM,24057.579,31174.2517,2,South
TH1,17014.2385,37502.7133,0,West
TH1L,17083.0529,37434.8361,0,West
TH2,16769.1809,37606.278,0,West
TJ1K,15558.467,35156.0339,0,West
TJ18,15681.6343,34890.7603,0,West
TJ27,15507.4392,34380.5493,0,West
TJ28,15439.9056,35477.7143,0,West
TJ29,15645.0192,34485.0749,0,West
TJ30,15638.0002,34701.6525,0,West
TJ31,15708.2643,35640.7797,0,West
TJ32,15409.2144,35801.6725,0,West
TJ33,15750.5079,35476.5566,0,West
TJ34,15894.1114,35134.964,0,West
TJ35,15665.26,35011.1747,0,West
TJ36,15892.9516,35376.8603,0,West
TJ37,15670.2177,35606.278,0,West
TJ38,15586.8737,34946.2629,0,West
TJ39,15758.7046,34458.9721,0,West
TJ40,15555.5191,34733.8176,0,West
TJ41,15766.9047,34338.9204,0,West
TJ42,15650.2468,34383.6425,0,West
TM1A,39432.7734,36189.9885,3,East
TM10,42126.6048,37272.8556,3,East
TM11,41934.0052,37388.5874,3,East
TM12,41788.3197,37546.7093,3,East
TM13,41998.1122,37604.9556,3,East
TM14,38823.1951,36807.9012,3,East
TM15,41232.7759,37756.7953,3,East
TM16,41011.0361,37538.3082,3,East
TM17,39648.4301,37036.0523,3,East
TM18,39653.7508,37167.0637,3,East
TM19,42025.283,37713.9356,3,East
W47,24046.4777,48144.5361,4,North
TM20,42211.8682,37802.4125,3,East
TM21,42150.9608,37058.3057,3,East
TM22,42413.1125,37152.4367,3,East
TM23,42340.9357,37417.4815,3,East
TM24,42258.7221,37501.1231,3,East
TM25,41930.7103,37865.65,3,East
TM26,42056.4696,37988.6087,3,East
TM27,42085.7621,38079.9813,3,East
TM28,41750.9046,38321.0985,3,East
TM29,41998.9929,38083.5573,3,East
TM3,41048.1591,38147.3551,3,East
TM30,39499.7604,37661.9755,3,East
TM31,39500.2011,37869.6384,3,East
TM32,39341.6396,37956.2945,3,East
TM33,39435.2754,37605.5615,3,East
TM34,39141.5755,37700.2172,3,East
TM35,39220.1743,37998.2245,3,East
TM36,39769.2878,37693.9606,3,East
TM37,39717.4254,37584.9156,3,East
TM4,41225.8231,38349.9868,1,North-East
TM41,40030.3277,36628.8151,3,East
TM42,39149.9105,36784.3426,3,East
TM43,41234.0246,37276.5181,3,East
TM44,41688.2888,37919.2972,3,East
TM45,39093.7405,37493.1753,3,East
TM46,39699.2218,37846.9485,3,East
TM47,39889.1667,37644.1458,3,East
TM48,39220.4729,36578.8195,3,East
TM49,41321.7712,38447.8005,1,North-East
TM5,41439.247,38351.4469,1,North-East
TM50,38884.1396,37614.9003,3,East
TM51,38621.1252,37032.665,3,East
TM52,41621.1301,38435.0165,1,North-East
TM53,39726.5335,37438.5434,3,East
TM54,38750.9399,37292.1188,3,East
TM55,38838.0939,37441.3741,3,East
TM56,39969.4029,37388.0959,3,East
TM6,41691.9427,37261.1308,3,East
TM7,41833.9252,37212.6124,3,East
TM8,41787.0937,37067.9473,3,East
TM9,41997.2837,37271.9383,3,East
TPB1,30590.6956,35360.7931,3,East
TPL,29078.289,28819.4744,2,South
TPM,28999.272,28661.7751,2,South
TPMA,29982.6197,35409.3079,3,East
TPMB,29326.8155,35027.9474,3,East
TPMC,29429.1872,36009.9728,3,East
TPMD,29290.1401,34713.1702,3,East
TPME,29839.4181,35624.0957,3,East
TPMF,29366.473,35261.4638,3,East
TPMG,29196.869,35602.2984,3,East
TPMH,30679.7745,34913.8565,3,East
TPMJ,29353.495,35161.8974,3,East
TPMK,30810.4264,34798.1948,3,East
TPML,30849.5226,35599.7494,3,East
TPMM,30747.1931,35686.9065,3,East
TPMN,29698.2634,35231.2092,3,East
TPMP,29277.9112,35429.2632,3,East
TPMQ,29061.1557,35461.8044,3,East
TPMR,30487.836,35103.3396,3,East
TPMS,30970.9164,34863.814,3,East
TPM2,29532.3014,35715.2153,3,East
TPM3,28992.1869,34772.9821,3,East
TPM4,29783.6897,35326.4304,3,East
TPM5,29560.4287,35333.5642,3,East
TPM6,30371.0062,35230.8425,3,East
TPM7,29402.5995,35779.293,3,East
TPM8,30889.8975,35423.8667,3,East
TPM9,30723.296,35475.5087,3,East
TP10,30256.17,35233.77,3,East
TP12,30090.95,35135.49,3,East
TP14,30124.42,35341.3,3,East
TP15,29949.23,35517.2,3,East
TP16,29669.0734,35049.0624,3,East
TP17,29699.9143,35107.3661,3,East
TP18,29939.32,34976.48,3,East
TP2,29660.7631,35373.4764,3,East
TP20,29242.9935,34803.2161,3,East
TP22,29193.44,35154.68,3,East
TP27,29329.7942,35524.3536,3,East
TP3,30028.99,35280.77,3,East
TP3A,30325.2783,35742.6437,3,East
TP30,29448.3398,35862.8984,3,East
TP31,29396.9527,35917.6634,3,East
TP32,29572.6442,35915.372,3,East
TP33,29531.7522,36074.2751,3,East
TP34,30127.27,35573.46,3,East
TP36,30279.3739,35381.5377,3,East
TP4A,30471.7791,35715.3312,3,East
TP40,30603.6943,34876.733,3,East
TP41,30773.92,34907.95,3,East
TP43,30663.1798,35221.9322,3,East
TP48,30599.96,35527.39,3,East
TP49,30495.5625,35670.9258,3,East
TP50,30349.5891,35671.9011,3,East
TP52,30361.63,35951.68,3,East
TP53,30474.3865,36065.9505,3,East
TP54,30574.9288,35955.0251,3,East
TP56,31018.2569,35434.7302,3,East
TP57,31025.8295,35236.265,3,East
TP59,31047.58,35155.12,3,East
TP60,30107.83,35814.16,3,East
TP61,29669.5764,35018.5085,3,East
TP62,29907.7722,35952.8982,3,East
TP63,29748.8203,35990.7969,3,East
TP64,29813.3984,36054.5,3,East
TP65,29973.9188,35315.1935,3,East
TP66,30567.354,35273.679,3,East
TP67,30647.8392,34994.1728,3,East
TP68,30890.764,34815.7549,3,East
TP7,29719.04,35774.23,3,East
TP8,29684.0801,35728.6552,3,East
TP8A,29791.3108,35569.197,3,East
TRM,33602.3061,31409.6032,3,East
TRS,33581.4137,31444.7784,3,East
TR1,31092.8691,33554.6172,3,East
TWM1,19566.0155,40125.5448,0,West
TWM2,19459.5932,40178.8656,0,West
TWM3,19541.9487,40262.0437,0,West
TWM4,19166.6753,40542.0167,0,West
TWM5,19687.1465,40113.8175,0,West
TWM6,19638.7886,40229.3595,0,West
TW1,19301.8301,39963.4141,0,West
TW2,19225.6875,40080.8281,0,West
TW3,19229.041,40255.5469,0,West
TW4,19072.5156,40448.2227,0,West
TY1,21441.5507,35689.479,0,West
TY2,21359.8594,35627.5039,0,West
TY3T,21219.4283,35808.8247,0,West
TY4,21172.689,35626.0278,0,West
T1,40645.1002,36633.3607,3,East
T11,40241.5939,36993.2916,3,East
T12,40513.9859,37022.0319,3,East
T13,40511.1172,36794.0234,3,East
T15,41292.6602,37256.6602,3,East
T16,41242.6367,37183.9531,3,East
T17,41349.1055,37121.3281,3,East
T18,41423.7376,37254.2715,3,East
T19,41357.6797,37403.3437,3,East
T20,40691.5398,37589.1246,3,East
T24,40682.5014,37392.3908,3,East
T25,40663.4797,37197.2727,3,East
T26,40884.9727,37147.543,3,East
T27,40784.043,37234.2773,3,East
T28,40918.3711,37369.6133,3,East
T29,41092.9461,37347.4683,3,East
T3,40700.7059,36530.5002,3,East
T30,40920.2995,37019.6152,3,East
T31,40760.3906,37026.1929,3,East
T32,41035.0411,36785.1588,3,East
T33,41243.9538,36627.3316,3,East
T34,41284.2492,36781.636,3,East
T35,41456.957,36778.5156,3,East
T37,39468.8647,36543.2578,3,East
T38,39932.1232,36937.4179,3,East
T39,39926.9824,36424.8207,3,East
T4,40964.6909,36395.5354,3,East
T41,39350.702,36706.421,3,East
T42,39062.7271,36823.2135,3,East
T43,39241.8985,37029.2046,3,East
T44,39357.5533,36980.6496,3,East
T45,39338.9023,37240.9629,3,East
T46,39486.3058,37178.0754,3,East
T47,39527.3164,37445.0986,3,East
T47A,39328.7136,37444.6416,3,East
T47L,39821.519,37570.2027,3,East
T48,39076.7194,37331.671,3,East
T49,38918.6987,37122.0189,3,East
T49A,39139.9893,37058.3736,3,East
T50,38870.9497,36981.7596,3,East
T51,38948.9356,36763.5017,3,East
T54,40286.9005,37300.6184,3,East
T55,40456.9061,37597.9862,3,East
T56,39079.6727,36911.3845,3,East
T57,39101.1472,36984.4555,3,East
T58,38884.7143,37492.6034,3,East
T7,40518.5548,36401.0077,3,East
T7A,40498.7308,36344.861,3,East
T72,40496.7609,37796.9601,3,East
T73,40642.7732,37796.0139,3,East
T74,40786.4727,37942.9375,3,East
T75,41035.8679,37933.5266,3,East
T76,41168.0391,38026.2765,3,East
T77,41294.1032,38193.2412,3,East
T78,41120.082,37750.8945,3,East
T79,41482.7031,37721.6602,3,East
T8,40338.7812,36505.4414,3,East
T80,41494.2122,37985.4918,3,East
T81,41871.9858,38044.2348,3,East
T9,40278.3039,36660.4761,3,East
UAM1,33107.6324,35187.5516,3,East
UA2,33109.332,35098.3344,3,East
UA3,33265.027,35204.8735,3,East
UA4,33075.3159,35275.3778,3,East
UA5,33326.6984,35410.4255,3,East
UA6,33101.2667,35157.3013,3,East
UBA4,34994.9175,35328.5373,3,East
UBKM,32179.7655,33010.5845,3,East
UBK2,32237.8125,33097.6016,3,East
UBK4,32537.2679,33063.4121,3,East
UBK5,32522.9258,33422.543,3,East
UBM1,32374.0247,32770.798,3,East
UBM2,32125.5883,32822.4057,3,East
UCS,28950.0781,29897.9961,2,South
U1,18391.6404,36723.769,0,West
U10,18029.1321,36437.8173,0,West
U11,17982.2826,36616.6603,0,West
U12,18668.6078,36565.8437,0,West
U13,19086.17,36658.92,0,West
U14,19276.68,36568.93,0,West
U15,19332.565,36778.361,0,West
U16,19291.0823,36949.9677,0,West
U17,19484.9573,36912.4024,0,West
U18,19699.5049,37022.2461,0,West
U19,19653.7625,36736.2392,0,West
U2,18316.8368,36887.7302,0,West
U20,19895.4902,36584.6445,0,West
U21,18569.9729,37715.1464,0,West
U22,18339.7245,38092.0958,0,West
U23,18234.0951,38341.652,0,West
U24,18465.58,38439.7002,0,West
U24T,18441.4863,38506.9696,0,West
U25,18728.7311,38350.9289,0,West
U26,18742.24,38064.66,0,West
U27,18846.1378,37962.5676,0,West
U28,18790.052,37772.6738,0,West
U29,18649.5445,37851.9011,0,West
U3,18098.9773,37055.7538,0,West
U30,19027.5388,37666.3629,0,West
U31,18847.0784,37666.2614,0,West
U32,19018.5011,37355.1895,0,West
U33,18873.0414,37452.2798,0,West
U34,19139.7066,37093.5044,0,West
U38,18124.0483,36539.8249,0,West
U39,18837.6188,36875.2113,0,West
U4,17973.0318,36974.1108,0,West
U40,18879.8441,36750.5885,0,West
U41,18955.5289,36844.8175,0,West
U41A,18690.779,36915.3896,0,West
U43,18275.4565,38569.6475,0,West
U45,19606.6244,36561.0495,0,West
U46,18463.4479,36256.9749,0,West
U48,18590.8011,38166.1707,0,West
U49,18817.5304,36385.1968,0,West
U5,18135.2799,36917.0123,0,West
U50,19356.5349,36607.8807,0,West
U51,18336.325,38543.2265,0,West
U52,18172.9985,36305.5813,0,West
U53,18363.2733,36194.2818,0,West
U54,19312.2301,36987.8524,0,West
U55,17419.4393,36994.0568,0,West
U56,17317.656,37581.4848,0,West
U57,19323.1576,36459.7662,0,West
U58,17667.3706,37138.9724,0,West
U59,19325.1186,36287.363,0,West
U6,18071.3516,36683.9531,0,West
U60,18060.8019,37237.9017,0,West
U61,17534.7152,37528.3789,0,West
U62,17844.6833,37081.9943,0,West
U63,18710.2749,37928.4781,0,West
U64,17583.3446,37408.1445,0,West
U65,17611.6169,37719.6743,0,West
U66,17572.5965,37864.1469,0,West
U67,17873.2383,38065.8645,0,West
U68,17587.8746,37337.6914,0,West
U69,18000.4363,37685.2975,0,West
U7,17847.5676,36758.9474,0,West
U70,17773.0352,37655.3275,0,West
U71,18208.6126,36824.4404,0,West
U8,17825.5193,36588.034,0,West
U9,17748.6389,36445.3951,0,West
WCB,30072.1484,31241.1484,2,South
WCC,22802.4706,46289.7139,4,North
WDB1,30217.526,33669.5658,3,East
WGL,24755.5543,47642.245,4,North
W10,21545.6709,46781.8077,4,North
W100,23428.6148,45604.437,4,North
W101,24936.0215,47134.7585,4,North
W102,25028.4866,46986.64,4,North
W103,23995.6932,47488.7994,4,North
W104,25131.0901,47292.9142,4,North
W105,25278.0655,47369.5027,4,North
W106,25235.6886,47178.0376,4,North
W107,23134.4358,45725.666,4,North
W108,21543.8287,45922.7283,4,North
W109,23995.785,47408.7711,4,North
W11,21255.3672,47104.1328,4,North
W11M,21271.52,47154.7049,4,North
W12M,21198.8774,47366.6434,4,North
W13,21488.674,47244.6194,4,North
W14,21284.6738,47633.2891,4,North
W16,22275.6094,46924.5039,4,North
W17,22249.7662,46486.5748,4,North
W18,22115.7552,46747.594,4,North
W181,21988.2079,46815.199,4,North
W182,21621.1257,46318.1491,4,North
W185,21673.9257,46440.8216,4,North
W187,21499.7537,46568.872,4,North
W19,21755.788,46587.4955,4,North
W20,21482.2371,46304.8149,4,North
W21,21847.2739,46264.664,4,North
W23,22191.7187,45992.2266,4,North
W23T,22109.3581,45893.4989,4,North
W24,21992.0066,45860.9547,4,North
W25,21642.9242,45782.9456,4,North
W26,21430.5762,45933.9805,4,North
W27,21388.7832,45861.0977,4,North
W28,21382.8242,45760.7109,4,North
W29,21484.0352,45758.1875,4,North
W3,20906.7446,46925.2015,4,North
W30,21406.332,45779.8253,4,North
W36,22780.8105,47005.8672,4,North
W37,23227.4135,47060.8098,4,North
W39,23315.9648,46842.418,4,North
W4,21704.3672,47125.2891,4,North
W4M,21619.4951,47025.8162,4,North
W40,23403.6522,47029.9515,4,North
W41,23548.9652,46854.6331,4,North
W43,21182.9312,45692.8787,4,North
W44,21205.5217,45525.4699,4,North
W45,21528.0175,45524.5271,4,North
W46,21362.6102,45378.0962,4,North
W48,23070.931,47203.7395,4,North
W49,23405.0247,47174.9596,4,North
W5,21865.5141,46936.8596,4,North
W5M,21927.7465,47034.7509,4,North
W50,23590.4851,47176.9397,4,North
W505,23357.861,45984.0543,4,North
W509,23101.6173,46110.9586,4,North
W51,23472.5842,47106.6555,4,North
W516,23265.6873,46208.4999,4,North
W517,23348.3676,46205.981,4,North
W519,23440.3014,46253.1124,4,North
W52,23122.1725,47008.073,4,North
W521,23581.4144,46183.1367,4,North
W523,23613.71,46071.6238,4,North
W525,23506.2589,46033.557,4,North
W527,23463.7611,45965.5899,4,North
W53,23338.8254,47350.3849,4,North
W536,23348.8456,45873.6556,4,North
W54,23076.3795,46789.1914,4,North
W546,23558.6725,45719.8134,4,North
W549,23728.429,46002.0615,4,North
W55,23683.3329,46831.8539,4,North
W554,23871.6965,46028.6081,4,North
W56,23342.6004,46649.9806,4,North
W57,23118.191,46497.6326,4,North
W570,23182.8035,45847.6356,4,North
W574,24118.936,45812.819,4,North
W578,23923.9837,45898.4854,4,North
W579,23795.194,45862.9987,4,North
W58,23429.9641,46416.6889,4,North
W586,23702.34,45656.6161,4,North
W588,23701.8273,45550.4272,4,North
W59,23693.3134,46446.5191,4,North
W6,21838.7773,47085.957,4,North
W60,23521.1992,46312.5,4,North
W61,22505.7065,46103.3973,4,North
W62,22628.7386,46063.1814,4,North
W63,22780.0672,46063.1491,4,North
W64,23969.4738,46630.5468,4,North
W65,23844.7328,46979.1172,4,North
W66,24069.321,46974.6261,4,North
W67,24188.1546,47019.5375,4,North
W676,24373.674,46827.139,4,North
W68,24350.2675,47010.7245,4,North
W69,24270.2765,47376.2034,4,North
W691,24983.383,46920.8143,4,North
W693,24703.9448,46642.49,4,North
W694,24850.6084,46636.9442,4,North
W7,21800.3125,47200.2539,4,North
W70,23937.0706,47352.2621,4,North
W71,24179.5955,47205.7795,4,North
W717,24141.7435,46956.0986,4,North
W72,24505.386,47143.788,4,North
W73,24711.6693,47219.5233,4,North
W74,23886.366,47208.9992,4,North
W75,23800.172,47218.8422,4,North
W76,23747.0647,47397.2586,4,North
W77,23613.1605,47523.5906,4,North
W78,23849.9464,47582.4593,4,North
W780,24414.7153,47764.032,4,North
W781,24637.5027,47838.0528,4,North
W782,24689.6411,47760.7102,4,North
W783,24750.7857,47717.9903,4,North
W785,24848.101,47634.821,4,North
W79,24123.1011,47708.2983,4,North
W799,24281.4205,47567.8164,4,North
W8M,21660.0118,46873.6677,4,North
W80,24330.2647,47756.4455,4,North
W81,24296.7171,47514.7036,4,North
W82,24471.0095,47352.6032,4,North
W83,23975.8384,46423.1877,4,North
W84,23837.6593,46282.3619,4,North
W85,24192.1416,46200.7694,4,North
W86,24420.08,46561.7115,4,North
W87,24317.8529,46691.9568,4,North
W88,24149.2668,46546.1362,4,North
W887,23702.7059,46585.151,4,North
W889,23582.22,46633.6669,4,North
W89,24131.2685,46393.746,4,North
W90,24304.8642,46201.7037,4,North
W91,24421.7399,46312.2663,4,North
W92,24520.8714,46439.9443,4,North
W93,24580.5607,46608.2682,4,North
W94,24441.8462,46881.242,4,North
W95,24490.3124,47314.8499,4,North
W96,24060.4226,46730.8096,4,North
W97,24212.7627,46796.478,4,North
W98,24682.0186,46808.9077,4,North
W99,24907.591,46937.7135,4,North
YHS,28508.3965,29880.2227,2,South
Y1,27412.0991,45841.0373,4,North
Y10,27995.96,45066.8145,4,North
Y11,27625.6289,45280.5234,4,North
Y12,27905.7385,46499.201,4,North
Y13,28505.9395,45881.9889,4,North
Y14,28260.7012,46043.2891,4,North
Y14A,28246.3185,46249.5229,4,North
Y15,28389.0234,46261.6211,4,North
Y16,28681.0314,46086.2424,4,North
Y16A,28648.4057,46162.6732,4,North
Y17,28872.75,46307.543,4,North
Y18,28689.2205,46383.1673,4,North
Y19,28538.5011,46605.7561,4,North
Y2,27414.6758,45987.2187,4,North
Y20,28504.9276,46440.0785,4,North
Y21,28426.9545,46510.8406,4,North
Y21A,28144.9395,46528.6914,4,North
Y21M,28170.8701,46340.318,4,North
Y22,28063.7034,47038.6663,4,North
Y23,27848.8519,44815.6702,4,North
Y24,27991.5046,44547.518,4,North
Y25,27742.9217,44276.3479,4,North
Y25M,27925.9358,44389.0052,4,North
Y26,28057.7461,43852.7148,4,North
Y27,28033.9316,44001.6406,4,North
Y28,28043.8717,44130.9725,4,North
Y28M,28117.1717,44138.2643,4,North
Y29,28135.416,44332.6484,4,North
Y3,27506.7793,46268.6172,4,North
Y3M,27349.1212,46139.6053,4,North
Y30,28212.8196,44250.2645,4,North
Y30M,28270.7412,44261.2589,4,North
Y31,28380.8499,44273.0647,4,North
Y32,28587.6719,44363.8594,4,North
Y33,28302.5588,44890.0599,4,North
Y34,28351.4432,44631.5283,4,North
Y34A,28305.7045,44561.1014,4,North
Y35,28573.7168,44608.1172,4,North
Y36,28482.6126,44810.8534,4,North
Y37,28473.8291,44855.9633,4,North
Y38,28755.9082,44928.25,4,North
Y39,28802.1641,44647.4297,4,North
Y4,27798.7178,46273.0601,4,North
Y4T,27653.9599,46018.2543,4,North
Y40,28378.3276,44072.1863,4,North
Y41,28735.9258,45762.625,4,North
Y41M,28842.0106,45830.6181,4,North
Y43,28865.8374,45625.9622,4,North
Y45,29095.1082,45430.1318,4,North
Y45M,29036.205,45471.5063,4,North
Y46,29384.9686,45314.782,4,North
Y47,29361.3242,45648.9258,4,North
Y48,29613.5447,45679.9694,4,North
Y48M,29581.4638,45567.1012,4,North
Y49,29632.0687,45313.3234,4,North
Y49H,29580.5785,45145.6412,4,North
Y49L,29552.0163,45080.7449,4,North
Y49M,29580.9409,45111.9779,4,North
Y5,27865.2344,45870.8907,4,North
Y51,29529.83,44808.1062,4,North
Y51M,29363.3139,44945.2291,4,North
Y52M,29291.1048,44676.2316,4,North
Y53M,29413.0818,44965.2268,4,North
Y54M,28413.6222,45450.4144,4,North
Y56,28383.2891,45244.5078,4,North
Y57,29461.0058,45083.3281,4,North
Y58,27895.8292,46028.4287,4,North
Y59M,29764.6921,44893.3273,4,North
Y6,28097.4355,46026.6367,4,North
Y60M,29647.1253,44767.6656,4,North
Y61M,29588.007,44651.6313,4,North
Y62M,29238.4163,45775.1779,4,North
Y63M,29300.8258,45930.8857,4,North
Y64M,29311.1504,46024.8152,4,North
Y65M,28968.6232,46042.758,4,North
Y66M,28998.1897,46163.9678,4,North
Y67,28843.2023,46462.2763,4,North
Y68L,29142.5387,44394.3419,4,North
Y68M,29255.0052,44464.5975,4,North
Y69L,29107.1794,44173.7841,4,North
Y69M,29197.6771,44201.2772,4,North
Y7,27346.9746,45449.3008,4,North
Y70M,28782.6987,44073.5278,4,North
Y71M,28841.6832,44257.3977,4,North
Y72M,28882.336,44065.4057,4,North
Y73M,28917.4786,44546.2792,4,North
Y74M,28931.6439,44600.7404,4,North
Y75M,29086.6991,44661.4096,4,North
Y76M,28940.4724,44825.8894,4,North
Y77M,29850.1522,45576.0125,4,North
Y78M,30049.0899,45166.0749,4,North
Y79L,29956.6805,45246.4831,4,North
Y79M,29856.603,45358.8531,4,North
Y8,27772.9219,45686.2734,4,North
Y80M,30167.5966,45330.3961,4,North
Y81M,30194.3665,45535.3488,4,North
Y82M,29935.5818,45679.7181,4,North
Y83L,29649.6679,45882.3415,4,North
Y83M,29505.6858,45847.8567,4,North
Y9,28077.2305,45507.8047,4,North
